Algoritm,Yuklama ssenariysi,Takrorlash №,O'rtacha javob vaqti ART (s),O'tkazuvchanlik TH (so'rov/s),Yuk muvozanati LBI,SLA buzilishi (%),Resurs foydalanishi RU (%),Inferensiya vaqti T_inf (ms),Qoidalar qisqarishi RRR (%),Oracle chaqiriqlari,Qaror sifati DQ,Izohlanuvchanlik INT,Jami so'rovlar,Muvaffaqiyatli so'rovlar,Muvaffaqiyatsiz so'rovlar,Faol qoidalar K,Jami qoidalar N,Simulyatsiya vaqti (s)
Round Robin,low,0,0.57898,0.285,0.04664,18.0,67.026,0.0006,0.0,0,0.0,0.0,1000,1000,0,0,0,3513.4493
Round Robin,low,1,0.40119,0.3,0.08118,0.8,63.346,0.0008,0.0,0,0.0,0.0,1000,1000,0,0,0,3335.4833
Round Robin,low,2,0.40158,0.292,0.03779,0.8,65.724,0.0007,0.0,0,0.0,0.0,1000,1000,0,0,0,3424.2751
Round Robin,low,3,0.36231,0.313,0.06108,0.5,65.275,0.0011,0.0,0,0.0,0.0,1000,1000,0,0,0,3193.7366
Round Robin,low,4,0.42842,0.29,0.05897,1.6,62.093,0.0007,0.0,0,0.0,0.0,1000,1000,0,0,0,3449.326
Round Robin,low,5,0.3885,0.288,0.06936,1.0,60.448,0.0007,0.0,0,0.0,0.0,1000,1000,0,0,0,3469.6059
Round Robin,low,6,0.40836,0.303,0.10377,1.3,61.961,0.0006,0.0,0,0.0,0.0,1000,1000,0,0,0,3303.812
Round Robin,low,7,0.42324,0.31,0.04375,2.9,64.075,0.0007,0.0,0,0.0,0.0,1000,1000,0,0,0,3221.2385
Round Robin,low,8,0.41862,0.299,0.07052,4.0,64.186,0.0007,0.0,0,0.0,0.0,1000,1000,0,0,0,3345.1659
Round Robin,low,9,0.43828,0.319,0.07819,6.1,54.043,0.0007,0.0,0,0.0,0.0,1000,1000,0,0,0,3129.9944
Round Robin,low,10,0.43818,0.303,0.08943,4.0,61.343,0.0007,0.0,0,0.0,0.0,1000,1000,0,0,0,3303.4505
Round Robin,low,11,0.44148,0.311,0.05737,3.4,61.846,0.0007,0.0,0,0.0,0.0,1000,1000,0,0,0,3211.0816
Round Robin,low,12,0.40004,0.295,0.08615,0.6,59.654,0.0007,0.0,0,0.0,0.0,1000,1000,0,0,0,3385.2954
Round Robin,low,13,0.41569,0.303,0.09578,2.5,62.015,0.0007,0.0,0,0.0,0.0,1000,1000,0,0,0,3300.4607
Round Robin,low,14,0.41002,0.3,0.13636,1.6,57.038,0.0007,0.0,0,0.0,0.0,1000,1000,0,0,0,3327.8862
Round Robin,low,15,0.37283,0.307,0.10367,0.3,55.699,0.0014,0.0,0,0.0,0.0,1000,1000,0,0,0,3260.0413
Round Robin,low,16,0.46712,0.291,0.0879,8.2,63.605,0.0007,0.0,0,0.0,0.0,1000,1000,0,0,0,3432.6553
Round Robin,low,17,0.43376,0.309,0.07866,2.9,56.245,0.0008,0.0,0,0.0,0.0,1000,1000,0,0,0,3238.1104
Round Robin,low,18,0.40673,0.304,0.04733,2.1,64.602,0.0007,0.0,0,0.0,0.0,1000,1000,0,0,0,3287.2149
Round Robin,low,19,0.42573,0.3,0.05132,2.3,58.749,0.0007,0.0,0,0.0,0.0,1000,1000,0,0,0,3327.796
Round Robin,low,20,0.42705,0.296,0.11784,3.7,62.39,0.0007,0.0,0,0.0,0.0,1000,1000,0,0,0,3377.5263
Round Robin,low,21,0.41049,0.312,0.04677,3.3,66.345,0.0007,0.0,0,0.0,0.0,1000,1000,0,0,0,3203.598
Round Robin,low,22,0.42783,0.305,0.11908,4.5,59.885,0.0007,0.0,0,0.0,0.0,1000,1000,0,0,0,3280.4429
Round Robin,low,23,0.49104,0.292,0.05624,6.2,62.074,0.0007,0.0,0,0.0,0.0,1000,1000,0,0,0,3428.702
Round Robin,low,24,0.41811,0.316,0.01648,3.3,68.554,0.0007,0.0,0,0.0,0.0,1000,1000,0,0,0,3163.9156
Round Robin,low,25,0.51301,0.291,0.05901,11.4,65.972,0.0007,0.0,0,0.0,0.0,1000,1000,0,0,0,3440.1097
Round Robin,low,26,0.51778,0.295,0.05804,13.3,61.053,0.0008,0.0,0,0.0,0.0,1000,1000,0,0,0,3388.939
Round Robin,low,27,0.40728,0.302,0.09076,0.5,61.119,0.0007,0.0,0,0.0,0.0,1000,1000,0,0,0,3315.4604
Round Robin,low,28,0.4375,0.298,0.06088,2.5,63.983,0.0009,0.0,0,0.0,0.0,1000,1000,0,0,0,3356.1432
Round Robin,low,29,0.3843,0.294,0.04047,0.4,62.135,0.001,0.0,0,0.0,0.0,1000,1000,0,0,0,3395.6688
Round Robin,high,0,0.4639,0.914,0.07367,0.9,61.411,0.0018,0.0,0,0.0,0.0,1000,1000,0,0,0,1093.851
Round Robin,high,1,0.57759,0.858,0.08477,2.6,61.207,0.0011,0.0,0,0.0,0.0,1000,1000,0,0,0,1165.8007
Round Robin,high,2,0.49559,0.9,0.04252,1.1,60.53,0.0011,0.0,0,0.0,0.0,1000,1000,0,0,0,1110.9191
Round Robin,high,3,0.40546,0.903,0.07861,0.4,63.056,0.0011,0.0,0,0.0,0.0,1000,1000,0,0,0,1107.3914
Round Robin,high,4,0.48092,0.959,0.0228,2.4,67.933,0.0007,0.0,0,0.0,0.0,1000,1000,0,0,0,1042.7492
Round Robin,high,5,0.43443,0.881,0.05803,0.5,55.406,0.0008,0.0,0,0.0,0.0,1000,1000,0,0,0,1135.6242
Round Robin,high,6,0.46977,0.9,0.04479,1.1,59.96,0.0009,0.0,0,0.0,0.0,1000,1000,0,0,0,1110.8362
Round Robin,high,7,0.45634,0.911,0.10171,1.6,54.865,0.0008,0.0,0,0.0,0.0,1000,1000,0,0,0,1097.7198
Round Robin,high,8,0.60644,0.861,0.0762,4.6,61.219,0.0008,0.0,0,0.0,0.0,1000,1000,0,0,0,1161.3831
Round Robin,high,9,0.40482,0.881,0.08053,0.0,61.459,0.0009,0.0,0,0.0,0.0,1000,1000,0,0,0,1134.8044
Round Robin,high,10,0.48848,0.938,0.01419,2.2,69.956,0.0007,0.0,0,0.0,0.0,1000,1000,0,0,0,1066.6359
Round Robin,high,11,0.49708,0.885,0.09736,2.4,65.132,0.0007,0.0,0,0.0,0.0,1000,1000,0,0,0,1129.8074
Round Robin,high,12,0.38751,0.886,0.07904,0.1,61.268,0.0007,0.0,0,0.0,0.0,1000,1000,0,0,0,1128.7891
Round Robin,high,13,0.46048,0.86,0.03546,1.4,65.522,0.001,0.0,0,0.0,0.0,1000,1000,0,0,0,1162.9989
Round Robin,high,14,0.47692,0.903,0.05379,1.9,66.094,0.0011,0.0,0,0.0,0.0,1000,1000,0,0,0,1107.1666
Round Robin,high,15,0.50871,0.927,0.11043,2.8,61.609,0.0009,0.0,0,0.0,0.0,1000,1000,0,0,0,1078.7153
Round Robin,high,16,0.49019,0.891,0.05533,1.2,65.077,0.0007,0.0,0,0.0,0.0,1000,1000,0,0,0,1122.4402
Round Robin,high,17,0.54586,0.902,0.06342,2.4,64.807,0.0007,0.0,0,0.0,0.0,1000,1000,0,0,0,1108.4045
Round Robin,high,18,0.56519,0.913,0.09094,3.9,63.515,0.0008,0.0,0,0.0,0.0,1000,1000,0,0,0,1094.8451
Round Robin,high,19,0.39835,0.874,0.04406,0.1,64.101,0.0011,0.0,0,0.0,0.0,1000,1000,0,0,0,1143.8308
Round Robin,high,20,0.38802,0.897,0.02175,0.2,65.03,0.0011,0.0,0,0.0,0.0,1000,1000,0,0,0,1114.6744
Round Robin,high,21,0.49766,0.894,0.06667,2.8,66.766,0.0012,0.0,0,0.0,0.0,1000,1000,0,0,0,1119.175
Round Robin,high,22,0.53565,0.849,0.05026,2.1,63.665,0.0008,0.0,0,0.0,0.0,1000,1000,0,0,0,1177.9006
Round Robin,high,23,0.53576,0.885,0.05723,2.2,65.458,0.0007,0.0,0,0.0,0.0,1000,1000,0,0,0,1130.4442
Round Robin,high,24,0.44941,0.877,0.06461,0.3,65.667,0.0008,0.0,0,0.0,0.0,1000,1000,0,0,0,1140.0936
Round Robin,high,25,0.54872,0.952,0.03715,3.1,66.673,0.0007,0.0,0,0.0,0.0,1000,1000,0,0,0,1050.526
Round Robin,high,26,0.40948,0.929,0.11425,0.1,57.07,0.0007,0.0,0,0.0,0.0,1000,1000,0,0,0,1076.5637
Round Robin,high,27,0.53384,0.946,0.03838,2.1,61.56,0.0007,0.0,0,0.0,0.0,1000,1000,0,0,0,1057.5215
Round Robin,high,28,0.43496,0.839,0.0324,0.5,67.456,0.0009,0.0,0,0.0,0.0,1000,1000,0,0,0,1191.5347
Round Robin,high,29,0.44295,0.891,0.07332,0.6,58.613,0.0007,0.0,0,0.0,0.0,1000,1000,0,0,0,1122.7032
Round Robin,bursty,0,0.46965,1.045,0.0459,1.7,60.309,0.0008,0.0,0,0.0,0.0,1000,1000,0,0,0,956.7989
Round Robin,bursty,1,0.48775,1.148,0.06382,2.0,62.469,0.0008,0.0,0,0.0,0.0,1000,1000,0,0,0,871.2797
Round Robin,bursty,2,0.42112,1.164,0.11561,0.0,57.519,0.0007,0.0,0,0.0,0.0,1000,1000,0,0,0,858.7803
Round Robin,bursty,3,0.44807,1.093,0.06969,0.5,59.332,0.0008,0.0,0,0.0,0.0,1000,1000,0,0,0,915.1506
Round Robin,bursty,4,0.43663,1.165,0.06067,0.5,65.036,0.0008,0.0,0,0.0,0.0,1000,1000,0,0,0,858.5286
Round Robin,bursty,5,0.38382,1.183,0.04272,0.2,60.505,0.0007,0.0,0,0.0,0.0,1000,1000,0,0,0,845.6526
Round Robin,bursty,6,0.52261,1.175,0.02138,2.7,66.325,0.0007,0.0,0,0.0,0.0,1000,1000,0,0,0,851.3804
Round Robin,bursty,7,0.52011,1.204,0.07537,2.5,56.538,0.0007,0.0,0,0.0,0.0,1000,1000,0,0,0,830.3763
Round Robin,bursty,8,0.50845,1.078,0.01361,3.0,70.836,0.0007,0.0,0,0.0,0.0,1000,1000,0,0,0,927.6415
Round Robin,bursty,9,0.43108,1.084,0.06598,1.0,68.772,0.0007,0.0,0,0.0,0.0,1000,1000,0,0,0,922.483
Round Robin,bursty,10,0.5267,1.087,0.05633,3.2,62.222,0.001,0.0,0,0.0,0.0,1000,1000,0,0,0,920.2064
Round Robin,bursty,11,0.41763,1.062,0.03523,1.0,66.319,0.0007,0.0,0,0.0,0.0,1000,1000,0,0,0,941.4903
Round Robin,bursty,12,0.52462,1.108,0.11296,3.3,62.637,0.0007,0.0,0,0.0,0.0,1000,1000,0,0,0,902.5708
Round Robin,bursty,13,0.43355,1.175,0.12393,1.0,61.496,0.0006,0.0,0,0.0,0.0,1000,1000,0,0,0,851.26
Round Robin,bursty,14,0.45132,1.144,0.03595,0.2,64.801,0.0007,0.0,0,0.0,0.0,1000,1000,0,0,0,874.1242
Round Robin,bursty,15,0.55657,1.07,0.03157,3.5,69.437,0.0007,0.0,0,0.0,0.0,1000,1000,0,0,0,934.4499
Round Robin,bursty,16,0.52557,1.065,0.04708,3.4,65.27,0.0007,0.0,0,0.0,0.0,1000,1000,0,0,0,938.8702
Round Robin,bursty,17,0.52207,1.113,0.10642,1.9,62.169,0.0007,0.0,0,0.0,0.0,1000,1000,0,0,0,898.6052
Round Robin,bursty,18,0.48237,1.117,0.08347,2.4,65.989,0.001,0.0,0,0.0,0.0,1000,1000,0,0,0,895.4909
Round Robin,bursty,19,0.45883,1.238,0.03121,0.7,60.053,0.0007,0.0,0,0.0,0.0,1000,1000,0,0,0,807.6686
Round Robin,bursty,20,0.76407,1.223,0.04756,6.6,66.196,0.0011,0.0,0,0.0,0.0,1000,1000,0,0,0,817.4202
Round Robin,bursty,21,0.39673,1.197,0.05018,0.4,64.437,0.0019,0.0,0,0.0,0.0,1000,1000,0,0,0,835.7329
Round Robin,bursty,22,0.50082,1.067,0.03237,2.0,68.464,0.001,0.0,0,0.0,0.0,1000,1000,0,0,0,937.491
Round Robin,bursty,23,0.36804,1.091,0.02479,0.1,65.09,0.0016,0.0,0,0.0,0.0,1000,1000,0,0,0,916.3045
Round Robin,bursty,24,0.48276,1.117,0.03802,2.2,70.213,0.002,0.0,0,0.0,0.0,1000,1000,0,0,0,895.4498
Round Robin,bursty,25,0.47038,1.078,0.04948,2.4,62.034,0.0007,0.0,0,0.0,0.0,1000,1000,0,0,0,927.2947
Round Robin,bursty,26,0.44881,1.117,0.119,0.6,55.929,0.0009,0.0,0,0.0,0.0,1000,1000,0,0,0,895.4521
Round Robin,bursty,27,0.47494,1.238,0.06517,2.2,62.174,0.0007,0.0,0,0.0,0.0,1000,1000,0,0,0,808.0743
Round Robin,bursty,28,0.45229,1.061,0.06265,0.6,59.453,0.0007,0.0,0,0.0,0.0,1000,1000,0,0,0,942.5199
Round Robin,bursty,29,0.50078,1.069,0.06909,2.7,58.244,0.0007,0.0,0,0.0,0.0,1000,1000,0,0,0,935.2807
Round Robin,skewed,0,0.45294,0.588,0.01532,0.2,65.679,0.0008,0.0,0,0.0,0.0,1000,1000,0,0,0,1699.5731
Round Robin,skewed,1,0.48895,0.571,0.06858,1.4,62.732,0.0007,0.0,0,0.0,0.0,1000,1000,0,0,0,1751.5421
Round Robin,skewed,2,0.40639,0.577,0.06077,0.6,56.353,0.0007,0.0,0,0.0,0.0,1000,1000,0,0,0,1733.1553
Round Robin,skewed,3,0.42169,0.567,0.08154,0.9,56.025,0.0007,0.0,0,0.0,0.0,1000,1000,0,0,0,1763.3249
Round Robin,skewed,4,0.48468,0.618,0.03355,1.8,69.076,0.0007,0.0,0,0.0,0.0,1000,1000,0,0,0,1617.6187
Round Robin,skewed,5,0.39361,0.634,0.0527,0.2,64.138,0.0007,0.0,0,0.0,0.0,1000,1000,0,0,0,1576.1225
Round Robin,skewed,6,0.58166,0.582,0.06969,4.2,63.903,0.0009,0.0,0,0.0,0.0,1000,1000,0,0,0,1718.6085
Round Robin,skewed,7,0.41376,0.606,0.04649,0.1,62.578,0.0007,0.0,0,0.0,0.0,1000,1000,0,0,0,1649.8936
Round Robin,skewed,8,0.45728,0.652,0.02739,1.2,66.544,0.0009,0.0,0,0.0,0.0,1000,1000,0,0,0,1534.2956
Round Robin,skewed,9,0.52038,0.586,0.04148,2.3,63.583,0.0007,0.0,0,0.0,0.0,1000,1000,0,0,0,1705.1139
Round Robin,skewed,10,0.43906,0.602,0.08949,0.5,60.096,0.0007,0.0,0,0.0,0.0,1000,1000,0,0,0,1660.0734
Round Robin,skewed,11,0.54587,0.591,0.03176,3.5,65.823,0.0007,0.0,0,0.0,0.0,1000,1000,0,0,0,1692.6764
Round Robin,skewed,12,0.5143,0.603,0.06602,3.7,64.539,0.0007,0.0,0,0.0,0.0,1000,1000,0,0,0,1658.3109
Round Robin,skewed,13,0.43235,0.597,0.04043,0.6,68.716,0.0007,0.0,0,0.0,0.0,1000,1000,0,0,0,1674.6719
Round Robin,skewed,14,0.46069,0.618,0.11729,1.7,57.411,0.0007,0.0,0,0.0,0.0,1000,1000,0,0,0,1617.8568
Round Robin,skewed,15,0.54521,0.591,0.06902,2.2,60.991,0.0007,0.0,0,0.0,0.0,1000,1000,0,0,0,1690.8148
Round Robin,skewed,16,0.50803,0.622,0.08992,2.9,64.732,0.0013,0.0,0,0.0,0.0,1000,1000,0,0,0,1607.3999
Round Robin,skewed,17,0.40752,0.594,0.07002,0.3,58.892,0.0023,0.0,0,0.0,0.0,1000,1000,0,0,0,1684.1524
Round Robin,skewed,18,0.39793,0.595,0.06922,0.2,63.494,0.0009,0.0,0,0.0,0.0,1000,1000,0,0,0,1681.8262
Round Robin,skewed,19,0.49235,0.604,0.0229,1.3,66.753,0.0011,0.0,0,0.0,0.0,1000,1000,0,0,0,1655.3385
Round Robin,skewed,20,0.60481,0.611,0.02688,4.5,61.778,0.0009,0.0,0,0.0,0.0,1000,1000,0,0,0,1637.2481
Round Robin,skewed,21,0.51958,0.603,0.10613,1.7,58.17,0.001,0.0,0,0.0,0.0,1000,1000,0,0,0,1657.3165
Round Robin,skewed,22,0.47215,0.619,0.03344,0.8,68.297,0.0007,0.0,0,0.0,0.0,1000,1000,0,0,0,1616.0798
Round Robin,skewed,23,0.56895,0.609,0.09129,3.5,59.314,0.0007,0.0,0,0.0,0.0,1000,1000,0,0,0,1642.3347
Round Robin,skewed,24,0.48065,0.607,0.07984,2.1,63.549,0.0007,0.0,0,0.0,0.0,1000,1000,0,0,0,1648.5623
Round Robin,skewed,25,0.40498,0.627,0.04854,0.3,68.176,0.0008,0.0,0,0.0,0.0,1000,1000,0,0,0,1594.9451
Round Robin,skewed,26,0.53131,0.58,0.03079,2.3,68.249,0.0008,0.0,0,0.0,0.0,1000,1000,0,0,0,1723.8846
Round Robin,skewed,27,0.47715,0.56,0.09607,1.2,60.55,0.0008,0.0,0,0.0,0.0,1000,1000,0,0,0,1785.5529
Round Robin,skewed,28,0.49331,0.596,0.09982,1.8,59.32,0.0007,0.0,0,0.0,0.0,1000,1000,0,0,0,1677.2345
Round Robin,skewed,29,0.48671,0.61,0.12236,1.2,58.758,0.0008,0.0,0,0.0,0.0,1000,1000,0,0,0,1639.6324
Least Connections,low,0,0.44484,0.285,0.11578,4.9,57.236,0.0028,0.0,0,0.0,0.0,1000,1000,0,0,0,3513.4493
Least Connections,low,1,0.36576,0.3,0.14002,0.0,59.039,0.0033,0.0,0,0.0,0.0,1000,1000,0,0,0,3335.4833
Least Connections,low,2,0.41669,0.292,0.12527,0.2,53.057,0.0029,0.0,0,0.0,0.0,1000,1000,0,0,0,3424.2751
Least Connections,low,3,0.37562,0.313,0.14233,0.9,55.795,0.0033,0.0,0,0.0,0.0,1000,1000,0,0,0,3193.7366
Least Connections,low,4,0.4134,0.29,0.16236,0.4,51.854,0.0029,0.0,0,0.0,0.0,1000,1000,0,0,0,3449.326
Least Connections,low,5,0.39725,0.288,0.15634,1.0,51.344,0.003,0.0,0,0.0,0.0,1000,1000,0,0,0,3469.6059
Least Connections,low,6,0.41373,0.303,0.13746,0.8,55.412,0.0027,0.0,0,0.0,0.0,1000,1000,0,0,0,3303.812
Least Connections,low,7,0.39899,0.31,0.13832,1.1,55.296,0.0027,0.0,0,0.0,0.0,1000,1000,0,0,0,3221.2385
Least Connections,low,8,0.41525,0.299,0.15498,1.1,43.673,0.0032,0.0,0,0.0,0.0,1000,1000,0,0,0,3345.1659
Least Connections,low,9,0.42218,0.319,0.07446,5.5,49.353,0.0028,0.0,0,0.0,0.0,1000,1000,0,0,0,3129.9944
Least Connections,low,10,0.4084,0.303,0.10521,0.9,59.443,0.0026,0.0,0,0.0,0.0,1000,1000,0,0,0,3303.4505
Least Connections,low,11,0.40556,0.311,0.10061,0.3,56.398,0.0026,0.0,0,0.0,0.0,1000,1000,0,0,0,3211.0816
Least Connections,low,12,0.38364,0.295,0.16172,0.5,48.466,0.0028,0.0,0,0.0,0.0,1000,1000,0,0,0,3385.2954
Least Connections,low,13,0.42303,0.303,0.14397,1.8,53.645,0.0027,0.0,0,0.0,0.0,1000,1000,0,0,0,3300.4607
Least Connections,low,14,0.38789,0.3,0.11202,0.4,56.257,0.0027,0.0,0,0.0,0.0,1000,1000,0,0,0,3327.8862
Least Connections,low,15,0.4052,0.307,0.13802,0.5,48.904,0.0035,0.0,0,0.0,0.0,1000,1000,0,0,0,3260.0413
Least Connections,low,16,0.42821,0.291,0.17172,2.6,56.585,0.003,0.0,0,0.0,0.0,1000,1000,0,0,0,3432.6553
Least Connections,low,17,0.42588,0.309,0.16156,0.5,49.03,0.0029,0.0,0,0.0,0.0,1000,1000,0,0,0,3238.1104
Least Connections,low,18,0.40302,0.304,0.11086,2.9,58.513,0.0027,0.0,0,0.0,0.0,1000,1000,0,0,0,3287.2149
Least Connections,low,19,0.42575,0.3,0.11292,1.5,55.156,0.0028,0.0,0,0.0,0.0,1000,1000,0,0,0,3327.796
Least Connections,low,20,0.42858,0.296,0.13615,2.5,54.799,0.0027,0.0,0,0.0,0.0,1000,1000,0,0,0,3377.5263
Least Connections,low,21,0.42808,0.312,0.17944,0.4,55.484,0.0026,0.0,0,0.0,0.0,1000,1000,0,0,0,3203.598
Least Connections,low,22,0.38108,0.305,0.07645,1.6,62.367,0.0026,0.0,0,0.0,0.0,1000,1000,0,0,0,3280.4429
Least Connections,low,23,0.45736,0.292,0.09328,2.1,57.974,0.0028,0.0,0,0.0,0.0,1000,1000,0,0,0,3428.702
Least Connections,low,24,0.38733,0.316,0.12957,0.3,62.146,0.0027,0.0,0,0.0,0.0,1000,1000,0,0,0,3163.9156
Least Connections,low,25,0.43807,0.291,0.16124,2.9,58.714,0.0028,0.0,0,0.0,0.0,1000,1000,0,0,0,3440.1097
Least Connections,low,26,0.49058,0.295,0.11134,11.7,54.242,0.0028,0.0,0,0.0,0.0,1000,1000,0,0,0,3388.939
Least Connections,low,27,0.41844,0.302,0.15326,0.5,57.26,0.0027,0.0,0,0.0,0.0,1000,1000,0,0,0,3315.4604
Least Connections,low,28,0.39576,0.298,0.0954,0.5,55.621,0.0036,0.0,0,0.0,0.0,1000,1000,0,0,0,3356.1432
Least Connections,low,29,0.3847,0.294,0.12112,0.3,53.627,0.0036,0.0,0,0.0,0.0,1000,1000,0,0,0,3395.6688
Least Connections,high,0,0.45115,0.914,0.1216,0.4,59.176,0.0055,0.0,0,0.0,0.0,1000,1000,0,0,0,1093.851
Least Connections,high,1,0.53494,0.858,0.07444,1.8,59.422,0.0037,0.0,0,0.0,0.0,1000,1000,0,0,0,1165.8007
Least Connections,high,2,0.48655,0.9,0.07906,1.5,54.138,0.0042,0.0,0,0.0,0.0,1000,1000,0,0,0,1110.9191
Least Connections,high,3,0.40778,0.903,0.16862,0.1,54.706,0.0037,0.0,0,0.0,0.0,1000,1000,0,0,0,1107.3914
Least Connections,high,4,0.41105,0.959,0.04282,0.3,64.848,0.0033,0.0,0,0.0,0.0,1000,1000,0,0,0,1042.7492
Least Connections,high,5,0.43134,0.881,0.1381,0.8,48.412,0.0027,0.0,0,0.0,0.0,1000,1000,0,0,0,1135.6242
Least Connections,high,6,0.47323,0.9,0.18098,1.1,49.698,0.0035,0.0,0,0.0,0.0,1000,1000,0,0,0,1110.8362
Least Connections,high,7,0.42861,0.911,0.18271,0.9,47.13,0.0032,0.0,0,0.0,0.0,1000,1000,0,0,0,1097.7198
Least Connections,high,8,0.64456,0.861,0.22497,4.7,45.51,0.0028,0.0,0,0.0,0.0,1000,1000,0,0,0,1161.3831
Least Connections,high,9,0.4161,0.881,0.12853,0.1,58.911,0.0034,0.0,0,0.0,0.0,1000,1000,0,0,0,1134.8044
Least Connections,high,10,0.4895,0.938,0.02797,1.6,68.323,0.0028,0.0,0,0.0,0.0,1000,1000,0,0,0,1066.6359
Least Connections,high,11,0.45026,0.885,0.17834,0.9,50.467,0.0027,0.0,0,0.0,0.0,1000,1000,0,0,0,1129.8074
Least Connections,high,12,0.38603,0.886,0.10942,0.0,56.526,0.0034,0.0,0,0.0,0.0,1000,1000,0,0,0,1128.7891
Least Connections,high,13,0.40857,0.86,0.15925,0.1,56.859,0.0035,0.0,0,0.0,0.0,1000,1000,0,0,0,1162.9989
Least Connections,high,14,0.45736,0.903,0.06834,0.9,63.399,0.0039,0.0,0,0.0,0.0,1000,1000,0,0,0,1107.1666
Least Connections,high,15,0.60389,0.927,0.14255,4.9,58.015,0.0039,0.0,0,0.0,0.0,1000,1000,0,0,0,1078.7153
Least Connections,high,16,0.47367,0.891,0.18829,0.8,54.957,0.0028,0.0,0,0.0,0.0,1000,1000,0,0,0,1122.4402
Least Connections,high,17,0.47867,0.902,0.1712,0.4,52.629,0.0029,0.0,0,0.0,0.0,1000,1000,0,0,0,1108.4045
Least Connections,high,18,0.47874,0.913,0.18636,1.1,55.993,0.0027,0.0,0,0.0,0.0,1000,1000,0,0,0,1094.8451
Least Connections,high,19,0.39219,0.874,0.08356,0.0,59.471,0.0048,0.0,0,0.0,0.0,1000,1000,0,0,0,1143.8308
Least Connections,high,20,0.41159,0.897,0.08652,0.0,61.984,0.0037,0.0,0,0.0,0.0,1000,1000,0,0,0,1114.6744
Least Connections,high,21,0.46464,0.894,0.1279,0.7,58.175,0.0043,0.0,0,0.0,0.0,1000,1000,0,0,0,1119.175
Least Connections,high,22,0.52063,0.849,0.18217,1.9,53.422,0.0056,0.0,0,0.0,0.0,1000,1000,0,0,0,1177.9006
Least Connections,high,23,0.53805,0.885,0.07809,2.4,57.319,0.0037,0.0,0,0.0,0.0,1000,1000,0,0,0,1130.4442
Least Connections,high,24,0.43258,0.877,0.18083,0.3,49.318,0.0028,0.0,0,0.0,0.0,1000,1000,0,0,0,1140.0936
Least Connections,high,25,0.4708,0.952,0.16585,1.4,54.646,0.0027,0.0,0,0.0,0.0,1000,1000,0,0,0,1050.526
Least Connections,high,26,0.42769,0.929,0.19583,0.2,55.289,0.0028,0.0,0,0.0,0.0,1000,1000,0,0,0,1076.5637
Least Connections,high,27,0.47883,0.946,0.09264,1.0,56.051,0.0028,0.0,0,0.0,0.0,1000,1000,0,0,0,1057.5215
Least Connections,high,28,0.46229,0.839,0.12421,0.5,55.381,0.0027,0.0,0,0.0,0.0,1000,1000,0,0,0,1191.5347
Least Connections,high,29,0.41891,0.891,0.12196,0.1,53.291,0.0029,0.0,0,0.0,0.0,1000,1000,0,0,0,1122.7032
Least Connections,bursty,0,0.44105,1.045,0.14559,0.2,49.14,0.0029,0.0,0,0.0,0.0,1000,1000,0,0,0,956.7989
Least Connections,bursty,1,0.48259,1.148,0.16371,1.4,53.363,0.0032,0.0,0,0.0,0.0,1000,1000,0,0,0,871.2797
Least Connections,bursty,2,0.38747,1.164,0.08787,0.0,57.781,0.0038,0.0,0,0.0,0.0,1000,1000,0,0,0,858.7803
Least Connections,bursty,3,0.43809,1.093,0.17497,0.5,46.778,0.0035,0.0,0,0.0,0.0,1000,1000,0,0,0,915.1506
Least Connections,bursty,4,0.45592,1.165,0.19515,0.5,48.055,0.0027,0.0,0,0.0,0.0,1000,1000,0,0,0,858.5286
Least Connections,bursty,5,0.36104,1.183,0.09141,0.0,54.958,0.003,0.0,0,0.0,0.0,1000,1000,0,0,0,845.6526
Least Connections,bursty,6,0.4621,1.175,0.11861,0.8,57.821,0.0029,0.0,0,0.0,0.0,1000,1000,0,0,0,851.3804
Least Connections,bursty,7,0.48867,1.204,0.1895,1.5,47.803,0.0028,0.0,0,0.0,0.0,1000,1000,0,0,0,830.3763
Least Connections,bursty,8,0.54516,1.078,0.04949,4.2,64.763,0.0028,0.0,0,0.0,0.0,1000,1000,0,0,0,927.6415
Least Connections,bursty,9,0.39635,1.084,0.16781,0.1,53.598,0.0028,0.0,0,0.0,0.0,1000,1000,0,0,0,922.483
Least Connections,bursty,10,0.5401,1.087,0.07782,2.5,58.719,0.0034,0.0,0,0.0,0.0,1000,1000,0,0,0,920.2064
Least Connections,bursty,11,0.42388,1.062,0.11254,0.9,59.985,0.0031,0.0,0,0.0,0.0,1000,1000,0,0,0,941.4903
Least Connections,bursty,12,0.45852,1.108,0.14792,0.6,56.15,0.0026,0.0,0,0.0,0.0,1000,1000,0,0,0,902.5708
Least Connections,bursty,13,0.45388,1.175,0.08952,1.3,60.395,0.0026,0.0,0,0.0,0.0,1000,1000,0,0,0,851.26
Least Connections,bursty,14,0.41832,1.144,0.08376,0.0,57.172,0.0029,0.0,0,0.0,0.0,1000,1000,0,0,0,874.1242
Least Connections,bursty,15,0.51102,1.07,0.1025,2.2,62.535,0.0027,0.0,0,0.0,0.0,1000,1000,0,0,0,934.4499
Least Connections,bursty,16,0.4875,1.065,0.06123,2.9,57.476,0.0028,0.0,0,0.0,0.0,1000,1000,0,0,0,938.8702
Least Connections,bursty,17,0.43066,1.113,0.19393,0.2,51.662,0.0029,0.0,0,0.0,0.0,1000,1000,0,0,0,898.6052
Least Connections,bursty,18,0.42761,1.117,0.07587,0.2,59.968,0.0029,0.0,0,0.0,0.0,1000,1000,0,0,0,895.4909
Least Connections,bursty,19,0.45239,1.238,0.10499,0.3,49.831,0.0028,0.0,0,0.0,0.0,1000,1000,0,0,0,807.6686
Least Connections,bursty,20,0.67178,1.223,0.07937,4.6,61.442,0.0048,0.0,0,0.0,0.0,1000,1000,0,0,0,817.4202
Least Connections,bursty,21,0.41251,1.197,0.20271,0.3,44.71,0.0067,0.0,0,0.0,0.0,1000,1000,0,0,0,835.7329
Least Connections,bursty,22,0.46973,1.067,0.08306,1.6,63.695,0.0039,0.0,0,0.0,0.0,1000,1000,0,0,0,937.491
Least Connections,bursty,23,0.38557,1.091,0.10894,0.0,58.728,0.0051,0.0,0,0.0,0.0,1000,1000,0,0,0,916.3045
Least Connections,bursty,24,0.45071,1.117,0.17231,0.6,54.677,0.0093,0.0,0,0.0,0.0,1000,1000,0,0,0,895.4498
Least Connections,bursty,25,0.41163,1.078,0.09591,0.4,59.009,0.0026,0.0,0,0.0,0.0,1000,1000,0,0,0,927.2947
Least Connections,bursty,26,0.44867,1.117,0.21173,0.8,40.945,0.0034,0.0,0,0.0,0.0,1000,1000,0,0,0,895.4521
Least Connections,bursty,27,0.45562,1.238,0.08396,1.5,62.881,0.0028,0.0,0,0.0,0.0,1000,1000,0,0,0,808.0743
Least Connections,bursty,28,0.42897,1.061,0.14867,0.1,49.942,0.0027,0.0,0,0.0,0.0,1000,1000,0,0,0,942.5199
Least Connections,bursty,29,0.44446,1.069,0.07553,1.4,51.211,0.0028,0.0,0,0.0,0.0,1000,1000,0,0,0,935.2807
Least Connections,skewed,0,0.43476,0.588,0.14793,0.3,55.257,0.0029,0.0,0,0.0,0.0,1000,1000,0,0,0,1699.5731
Least Connections,skewed,1,0.44223,0.571,0.18646,0.6,52.944,0.0029,0.0,0,0.0,0.0,1000,1000,0,0,0,1751.5421
Least Connections,skewed,2,0.38019,0.577,0.13643,0.0,53.403,0.0027,0.0,0,0.0,0.0,1000,1000,0,0,0,1733.1553
Least Connections,skewed,3,0.41424,0.567,0.1171,0.5,52.009,0.0027,0.0,0,0.0,0.0,1000,1000,0,0,0,1763.3249
Least Connections,skewed,4,0.43308,0.618,0.14685,0.1,57.356,0.003,0.0,0,0.0,0.0,1000,1000,0,0,0,1617.6187
Least Connections,skewed,5,0.41458,0.634,0.14105,0.1,49.755,0.0028,0.0,0,0.0,0.0,1000,1000,0,0,0,1576.1225
Least Connections,skewed,6,0.52971,0.582,0.1422,2.7,53.63,0.003,0.0,0,0.0,0.0,1000,1000,0,0,0,1718.6085
Least Connections,skewed,7,0.39065,0.606,0.14774,0.1,52.111,0.0026,0.0,0,0.0,0.0,1000,1000,0,0,0,1649.8936
Least Connections,skewed,8,0.44815,0.652,0.10554,0.8,51.949,0.0038,0.0,0,0.0,0.0,1000,1000,0,0,0,1534.2956
Least Connections,skewed,9,0.4523,0.586,0.09037,0.4,53.469,0.0027,0.0,0,0.0,0.0,1000,1000,0,0,0,1705.1139
Least Connections,skewed,10,0.47491,0.602,0.14154,0.7,48.224,0.0026,0.0,0,0.0,0.0,1000,1000,0,0,0,1660.0734
Least Connections,skewed,11,0.49134,0.591,0.0527,0.5,58.966,0.0027,0.0,0,0.0,0.0,1000,1000,0,0,0,1692.6764
Least Connections,skewed,12,0.42568,0.603,0.09649,0.4,59.02,0.0027,0.0,0,0.0,0.0,1000,1000,0,0,0,1658.3109
Least Connections,skewed,13,0.41804,0.597,0.14397,0.0,61.353,0.0027,0.0,0,0.0,0.0,1000,1000,0,0,0,1674.6719
Least Connections,skewed,14,0.41594,0.618,0.15254,0.3,47.503,0.0027,0.0,0,0.0,0.0,1000,1000,0,0,0,1617.8568
Least Connections,skewed,15,0.48549,0.591,0.19466,0.4,52.757,0.0031,0.0,0,0.0,0.0,1000,1000,0,0,0,1690.8148
Least Connections,skewed,16,0.41076,0.622,0.12193,0.2,57.624,0.0061,0.0,0,0.0,0.0,1000,1000,0,0,0,1607.3999
Least Connections,skewed,17,0.41092,0.594,0.13637,0.6,55.948,0.0093,0.0,0,0.0,0.0,1000,1000,0,0,0,1684.1524
Least Connections,skewed,18,0.39298,0.595,0.17099,0.0,56.671,0.0034,0.0,0,0.0,0.0,1000,1000,0,0,0,1681.8262
Least Connections,skewed,19,0.45263,0.604,0.20533,0.6,46.518,0.0096,0.0,0,0.0,0.0,1000,1000,0,0,0,1655.3385
Least Connections,skewed,20,0.55163,0.611,0.1933,2.8,50.49,0.0036,0.0,0,0.0,0.0,1000,1000,0,0,0,1637.2481
Least Connections,skewed,21,0.48456,0.603,0.1886,0.5,46.667,0.0041,0.0,0,0.0,0.0,1000,1000,0,0,0,1657.3165
Least Connections,skewed,22,0.45617,0.619,0.03424,0.3,64.894,0.0029,0.0,0,0.0,0.0,1000,1000,0,0,0,1616.0798
Least Connections,skewed,23,0.45911,0.609,0.17208,1.4,51.292,0.0029,0.0,0,0.0,0.0,1000,1000,0,0,0,1642.3347
Least Connections,skewed,24,0.38425,0.607,0.1111,0.1,53.203,0.0034,0.0,0,0.0,0.0,1000,1000,0,0,0,1648.5623
Least Connections,skewed,25,0.41167,0.627,0.05472,0.2,61.26,0.0028,0.0,0,0.0,0.0,1000,1000,0,0,0,1594.9451
Least Connections,skewed,26,0.48739,0.58,0.10914,0.6,55.548,0.0028,0.0,0,0.0,0.0,1000,1000,0,0,0,1723.8846
Least Connections,skewed,27,0.40278,0.56,0.13674,0.9,56.982,0.0028,0.0,0,0.0,0.0,1000,1000,0,0,0,1785.5529
Least Connections,skewed,28,0.42736,0.596,0.08281,0.1,54.551,0.0029,0.0,0,0.0,0.0,1000,1000,0,0,0,1677.2345
Least Connections,skewed,29,0.4822,0.61,0.08956,1.3,47.662,0.0034,0.0,0,0.0,0.0,1000,1000,0,0,0,1639.6324
Least Load,low,0,0.49709,0.285,0.02312,9.8,66.044,0.0032,0.0,0,0.0,0.0,1000,1000,0,0,0,3513.4493
Least Load,low,1,0.37906,0.3,0.02775,0.3,67.188,0.0032,0.0,0,0.0,0.0,1000,1000,0,0,0,3335.4833
Least Load,low,2,0.36388,0.292,0.01681,0.3,63.196,0.0032,0.0,0,0.0,0.0,1000,1000,0,0,0,3424.2751
Least Load,low,3,0.36464,0.313,0.02438,0.1,66.477,0.0031,0.0,0,0.0,0.0,1000,1000,0,0,0,3193.7366
Least Load,low,4,0.39286,0.29,0.04852,0.5,61.386,0.0044,0.0,0,0.0,0.0,1000,1000,0,0,0,3449.326
Least Load,low,5,0.36198,0.288,0.05264,0.1,62.099,0.0034,0.0,0,0.0,0.0,1000,1000,0,0,0,3469.6059
Least Load,low,6,0.37643,0.303,0.00686,0.5,65.907,0.0031,0.0,0,0.0,0.0,1000,1000,0,0,0,3303.812
Least Load,low,7,0.39789,0.31,0.02864,0.8,65.269,0.003,0.0,0,0.0,0.0,1000,1000,0,0,0,3221.2385
Least Load,low,8,0.39,0.299,0.04415,0.9,67.014,0.004,0.0,0,0.0,0.0,1000,1000,0,0,0,3345.1659
Least Load,low,9,0.40208,0.319,0.0551,3.0,58.069,0.0032,0.0,0,0.0,0.0,1000,1000,0,0,0,3129.9944
Least Load,low,10,0.40515,0.303,0.02823,2.9,66.504,0.0029,0.0,0,0.0,0.0,1000,1000,0,0,0,3303.4505
Least Load,low,11,0.41461,0.311,0.03873,1.2,65.504,0.0031,0.0,0,0.0,0.0,1000,1000,0,0,0,3211.0816
Least Load,low,12,0.37083,0.295,0.04569,0.0,59.935,0.0033,0.0,0,0.0,0.0,1000,1000,0,0,0,3385.2954
Least Load,low,13,0.38021,0.303,0.0174,0.4,67.316,0.003,0.0,0,0.0,0.0,1000,1000,0,0,0,3300.4607
Least Load,low,14,0.3612,0.3,0.02594,0.1,61.341,0.0031,0.0,0,0.0,0.0,1000,1000,0,0,0,3327.8862
Least Load,low,15,0.3551,0.307,0.02162,0.2,63.508,0.0039,0.0,0,0.0,0.0,1000,1000,0,0,0,3260.0413
Least Load,low,16,0.41562,0.291,0.02131,2.5,67.12,0.0033,0.0,0,0.0,0.0,1000,1000,0,0,0,3432.6553
Least Load,low,17,0.38167,0.309,0.02024,0.3,61.901,0.0034,0.0,0,0.0,0.0,1000,1000,0,0,0,3238.1104
Least Load,low,18,0.36905,0.304,0.03385,0.3,63.613,0.003,0.0,0,0.0,0.0,1000,1000,0,0,0,3287.2149
Least Load,low,19,0.39852,0.3,0.01968,1.2,61.975,0.0032,0.0,0,0.0,0.0,1000,1000,0,0,0,3327.796
Least Load,low,20,0.4007,0.296,0.04108,2.6,67.215,0.0031,0.0,0,0.0,0.0,1000,1000,0,0,0,3377.5263
Least Load,low,21,0.36401,0.312,0.03589,0.3,66.746,0.003,0.0,0,0.0,0.0,1000,1000,0,0,0,3203.598
Least Load,low,22,0.40477,0.305,0.03316,1.9,69.35,0.0031,0.0,0,0.0,0.0,1000,1000,0,0,0,3280.4429
Least Load,low,23,0.44423,0.292,0.05576,2.4,63.489,0.0031,0.0,0,0.0,0.0,1000,1000,0,0,0,3428.702
Least Load,low,24,0.36192,0.316,0.02588,1.1,68.039,0.0031,0.0,0,0.0,0.0,1000,1000,0,0,0,3163.9156
Least Load,low,25,0.39891,0.291,0.03256,1.8,67.835,0.0034,0.0,0,0.0,0.0,1000,1000,0,0,0,3440.1097
Least Load,low,26,0.41924,0.295,0.02907,5.6,63.129,0.0031,0.0,0,0.0,0.0,1000,1000,0,0,0,3388.939
Least Load,low,27,0.37706,0.302,0.04048,0.1,63.449,0.003,0.0,0,0.0,0.0,1000,1000,0,0,0,3315.4604
Least Load,low,28,0.39287,0.298,0.00522,1.1,68.174,0.0069,0.0,0,0.0,0.0,1000,1000,0,0,0,3356.1432
Least Load,low,29,0.36177,0.294,0.03929,0.0,62.608,0.0038,0.0,0,0.0,0.0,1000,1000,0,0,0,3395.6688
Least Load,high,0,0.43355,0.914,0.03855,0.8,67.106,0.0043,0.0,0,0.0,0.0,1000,1000,0,0,0,1093.851
Least Load,high,1,0.54466,0.858,0.02143,1.9,66.993,0.0039,0.0,0,0.0,0.0,1000,1000,0,0,0,1165.8007
Least Load,high,2,0.4613,0.9,0.03493,0.9,64.904,0.0055,0.0,0,0.0,0.0,1000,1000,0,0,0,1110.9191
Least Load,high,3,0.39101,0.903,0.03906,0.0,65.415,0.0053,0.0,0,0.0,0.0,1000,1000,0,0,0,1107.3914
Least Load,high,4,0.45549,0.959,0.01525,1.1,68.943,0.0032,0.0,0,0.0,0.0,1000,1000,0,0,0,1042.7492
Least Load,high,5,0.41627,0.881,0.02191,0.8,59.885,0.0032,0.0,0,0.0,0.0,1000,1000,0,0,0,1135.6242
Least Load,high,6,0.44182,0.9,0.02977,0.8,66.508,0.004,0.0,0,0.0,0.0,1000,1000,0,0,0,1110.8362
Least Load,high,7,0.44728,0.911,0.05563,1.2,61.097,0.0034,0.0,0,0.0,0.0,1000,1000,0,0,0,1097.7198
Least Load,high,8,0.52839,0.861,0.04274,2.2,64.114,0.0031,0.0,0,0.0,0.0,1000,1000,0,0,0,1161.3831
Least Load,high,9,0.37281,0.881,0.04784,0.0,62.768,0.0034,0.0,0,0.0,0.0,1000,1000,0,0,0,1134.8044
Least Load,high,10,0.45094,0.938,0.00972,2.2,69.718,0.0031,0.0,0,0.0,0.0,1000,1000,0,0,0,1066.6359
Least Load,high,11,0.42696,0.885,0.06182,0.9,65.897,0.003,0.0,0,0.0,0.0,1000,1000,0,0,0,1129.8074
Least Load,high,12,0.36199,0.886,0.00967,0.0,66.107,0.0037,0.0,0,0.0,0.0,1000,1000,0,0,0,1128.7891
Least Load,high,13,0.41183,0.86,0.0247,0.5,67.362,0.0033,0.0,0,0.0,0.0,1000,1000,0,0,0,1162.9989
Least Load,high,14,0.41726,0.903,0.02809,0.2,67.568,0.0077,0.0,0,0.0,0.0,1000,1000,0,0,0,1107.1666
Least Load,high,15,0.44768,0.927,0.03466,1.5,65.096,0.0041,0.0,0,0.0,0.0,1000,1000,0,0,0,1078.7153
Least Load,high,16,0.44555,0.891,0.03558,0.7,66.164,0.004,0.0,0,0.0,0.0,1000,1000,0,0,0,1122.4402
Least Load,high,17,0.46808,0.902,0.01948,0.5,65.099,0.0033,0.0,0,0.0,0.0,1000,1000,0,0,0,1108.4045
Least Load,high,18,0.51449,0.913,0.03625,2.2,66.782,0.0031,0.0,0,0.0,0.0,1000,1000,0,0,0,1094.8451
Least Load,high,19,0.37393,0.874,0.01516,0.1,66.737,0.0057,0.0,0,0.0,0.0,1000,1000,0,0,0,1143.8308
Least Load,high,20,0.38554,0.897,0.02121,0.3,68.309,0.0043,0.0,0,0.0,0.0,1000,1000,0,0,0,1114.6744
Least Load,high,21,0.45398,0.894,0.04392,1.2,67.778,0.0049,0.0,0,0.0,0.0,1000,1000,0,0,0,1119.175
Least Load,high,22,0.49263,0.849,0.03425,1.1,67.317,0.0043,0.0,0,0.0,0.0,1000,1000,0,0,0,1177.9006
Least Load,high,23,0.54556,0.885,0.02952,2.9,67.446,0.0043,0.0,0,0.0,0.0,1000,1000,0,0,0,1130.4442
Least Load,high,24,0.42406,0.877,0.04022,0.7,66.404,0.0031,0.0,0,0.0,0.0,1000,1000,0,0,0,1140.0936
Least Load,high,25,0.46971,0.952,0.03363,1.2,65.374,0.0032,0.0,0,0.0,0.0,1000,1000,0,0,0,1050.526
Least Load,high,26,0.39243,0.929,0.04368,0.1,65.56,0.0031,0.0,0,0.0,0.0,1000,1000,0,0,0,1076.5637
Least Load,high,27,0.46253,0.946,0.02415,0.6,61.731,0.0031,0.0,0,0.0,0.0,1000,1000,0,0,0,1057.5215
Least Load,high,28,0.4161,0.839,0.01361,0.4,66.427,0.0042,0.0,0,0.0,0.0,1000,1000,0,0,0,1191.5347
Least Load,high,29,0.44919,0.891,0.03006,0.8,64.59,0.0032,0.0,0,0.0,0.0,1000,1000,0,0,0,1122.7032
Least Load,bursty,0,0.44897,1.045,0.0331,1.0,61.087,0.0035,0.0,0,0.0,0.0,1000,1000,0,0,0,956.7989
Least Load,bursty,1,0.43603,1.148,0.03018,1.0,63.719,0.0034,0.0,0,0.0,0.0,1000,1000,0,0,0,871.2797
Least Load,bursty,2,0.37805,1.164,0.03029,0.0,60.177,0.0032,0.0,0,0.0,0.0,1000,1000,0,0,0,858.7803
Least Load,bursty,3,0.40543,1.093,0.01881,0.2,63.295,0.0046,0.0,0,0.0,0.0,1000,1000,0,0,0,915.1506
Least Load,bursty,4,0.4096,1.165,0.01947,0.1,67.931,0.0033,0.0,0,0.0,0.0,1000,1000,0,0,0,858.5286
Least Load,bursty,5,0.33352,1.183,0.03268,0.0,62.018,0.0033,0.0,0,0.0,0.0,1000,1000,0,0,0,845.6526
Least Load,bursty,6,0.46395,1.175,0.02135,0.8,67.356,0.0033,0.0,0,0.0,0.0,1000,1000,0,0,0,851.3804
Least Load,bursty,7,0.43751,1.204,0.04907,1.1,59.363,0.004,0.0,0,0.0,0.0,1000,1000,0,0,0,830.3763
Least Load,bursty,8,0.44563,1.078,0.00871,2.2,70.778,0.0031,0.0,0,0.0,0.0,1000,1000,0,0,0,927.6415
Least Load,bursty,9,0.42037,1.084,0.02731,0.3,69.502,0.0032,0.0,0,0.0,0.0,1000,1000,0,0,0,922.483
Least Load,bursty,10,0.45391,1.087,0.04046,1.5,63.471,0.0033,0.0,0,0.0,0.0,1000,1000,0,0,0,920.2064
Least Load,bursty,11,0.40667,1.062,0.04575,0.3,66.458,0.0046,0.0,0,0.0,0.0,1000,1000,0,0,0,941.4903
Least Load,bursty,12,0.4221,1.108,0.03383,1.3,66.145,0.0036,0.0,0,0.0,0.0,1000,1000,0,0,0,902.5708
Least Load,bursty,13,0.4126,1.175,0.02748,1.1,65.731,0.003,0.0,0,0.0,0.0,1000,1000,0,0,0,851.26
Least Load,bursty,14,0.41558,1.144,0.02588,0.2,65.704,0.0032,0.0,0,0.0,0.0,1000,1000,0,0,0,874.1242
Least Load,bursty,15,0.49292,1.07,0.03013,1.7,67.878,0.0031,0.0,0,0.0,0.0,1000,1000,0,0,0,934.4499
Least Load,bursty,16,0.46262,1.065,0.02726,1.4,64.136,0.003,0.0,0,0.0,0.0,1000,1000,0,0,0,938.8702
Least Load,bursty,17,0.4572,1.113,0.03023,1.0,66.036,0.0033,0.0,0,0.0,0.0,1000,1000,0,0,0,898.6052
Least Load,bursty,18,0.38625,1.117,0.01375,0.1,66.219,0.0033,0.0,0,0.0,0.0,1000,1000,0,0,0,895.4909
Least Load,bursty,19,0.41895,1.238,0.03238,0.2,62.091,0.0032,0.0,0,0.0,0.0,1000,1000,0,0,0,807.6686
Least Load,bursty,20,0.6787,1.223,0.02545,4.4,67.435,0.0057,0.0,0,0.0,0.0,1000,1000,0,0,0,817.4202
Least Load,bursty,21,0.38795,1.197,0.02592,0.0,65.261,0.0065,0.0,0,0.0,0.0,1000,1000,0,0,0,835.7329
Least Load,bursty,22,0.46256,1.067,0.0145,1.5,68.797,0.004,0.0,0,0.0,0.0,1000,1000,0,0,0,937.491
Least Load,bursty,23,0.35427,1.091,0.0323,0.0,66.592,0.0051,0.0,0,0.0,0.0,1000,1000,0,0,0,916.3045
Least Load,bursty,24,0.45004,1.117,0.02545,0.8,68.131,0.0068,0.0,0,0.0,0.0,1000,1000,0,0,0,895.4498
Least Load,bursty,25,0.43658,1.078,0.02778,0.4,66.839,0.0029,0.0,0,0.0,0.0,1000,1000,0,0,0,927.2947
Least Load,bursty,26,0.44457,1.117,0.04442,0.9,60.663,0.0037,0.0,0,0.0,0.0,1000,1000,0,0,0,895.4521
Least Load,bursty,27,0.45753,1.238,0.03699,1.2,67.515,0.0031,0.0,0,0.0,0.0,1000,1000,0,0,0,808.0743
Least Load,bursty,28,0.40111,1.061,0.0448,0.5,62.46,0.003,0.0,0,0.0,0.0,1000,1000,0,0,0,942.5199
Least Load,bursty,29,0.46498,1.069,0.01263,1.4,61.917,0.0032,0.0,0,0.0,0.0,1000,1000,0,0,0,935.2807
Least Load,skewed,0,0.41569,0.588,0.02597,0.1,67.764,0.0033,0.0,0,0.0,0.0,1000,1000,0,0,0,1699.5731
Least Load,skewed,1,0.45494,0.571,0.01155,0.5,66.846,0.0031,0.0,0,0.0,0.0,1000,1000,0,0,0,1751.5421
Least Load,skewed,2,0.35748,0.577,0.04499,0.2,61.137,0.0035,0.0,0,0.0,0.0,1000,1000,0,0,0,1733.1553
Least Load,skewed,3,0.39762,0.567,0.02904,0.5,61.811,0.003,0.0,0,0.0,0.0,1000,1000,0,0,0,1763.3249
Least Load,skewed,4,0.43134,0.618,0.01995,0.7,69.533,0.0031,0.0,0,0.0,0.0,1000,1000,0,0,0,1617.6187
Least Load,skewed,5,0.37266,0.634,0.01355,0.0,65.641,0.0035,0.0,0,0.0,0.0,1000,1000,0,0,0,1576.1225
Least Load,skewed,6,0.51853,0.582,0.04388,2.0,63.004,0.0033,0.0,0,0.0,0.0,1000,1000,0,0,0,1718.6085
Least Load,skewed,7,0.3757,0.606,0.05709,0.0,60.921,0.003,0.0,0,0.0,0.0,1000,1000,0,0,0,1649.8936
Least Load,skewed,8,0.41393,0.652,0.01004,0.3,68.386,0.0032,0.0,0,0.0,0.0,1000,1000,0,0,0,1534.2956
Least Load,skewed,9,0.41787,0.586,0.03269,0.8,65.075,0.0031,0.0,0,0.0,0.0,1000,1000,0,0,0,1705.1139
Least Load,skewed,10,0.41341,0.602,0.0506,0.2,62.29,0.0031,0.0,0,0.0,0.0,1000,1000,0,0,0,1660.0734
Least Load,skewed,11,0.48692,0.591,0.03252,1.1,63.296,0.0031,0.0,0,0.0,0.0,1000,1000,0,0,0,1692.6764
Least Load,skewed,12,0.44675,0.603,0.01867,0.7,67.46,0.0031,0.0,0,0.0,0.0,1000,1000,0,0,0,1658.3109
Least Load,skewed,13,0.3746,0.597,0.01748,0.0,68.048,0.003,0.0,0,0.0,0.0,1000,1000,0,0,0,1674.6719
Least Load,skewed,14,0.42331,0.618,0.05983,0.8,58.388,0.003,0.0,0,0.0,0.0,1000,1000,0,0,0,1617.8568
Least Load,skewed,15,0.51663,0.591,0.0179,1.5,63.56,0.0033,0.0,0,0.0,0.0,1000,1000,0,0,0,1690.8148
Least Load,skewed,16,0.44362,0.622,0.01027,1.5,68.416,0.0089,0.0,0,0.0,0.0,1000,1000,0,0,0,1607.3999
Least Load,skewed,17,0.38822,0.594,0.02786,0.1,63.514,0.0071,0.0,0,0.0,0.0,1000,1000,0,0,0,1684.1524
Least Load,skewed,18,0.35597,0.595,0.06503,0.0,65.596,0.0038,0.0,0,0.0,0.0,1000,1000,0,0,0,1681.8262
Least Load,skewed,19,0.43719,0.604,0.04956,0.2,66.03,0.0066,0.0,0,0.0,0.0,1000,1000,0,0,0,1655.3385
Least Load,skewed,20,0.52998,0.611,0.04261,2.4,65.311,0.0046,0.0,0,0.0,0.0,1000,1000,0,0,0,1637.2481
Least Load,skewed,21,0.43971,0.603,0.0595,0.2,61.785,0.0034,0.0,0,0.0,0.0,1000,1000,0,0,0,1657.3165
Least Load,skewed,22,0.45663,0.619,0.01634,0.6,68.17,0.0031,0.0,0,0.0,0.0,1000,1000,0,0,0,1616.0798
Least Load,skewed,23,0.42839,0.609,0.02615,0.8,56.542,0.0032,0.0,0,0.0,0.0,1000,1000,0,0,0,1642.3347
Least Load,skewed,24,0.40481,0.607,0.03749,0.5,64.802,0.0039,0.0,0,0.0,0.0,1000,1000,0,0,0,1648.5623
Least Load,skewed,25,0.40762,0.627,0.03219,0.1,66.934,0.0038,0.0,0,0.0,0.0,1000,1000,0,0,0,1594.9451
Least Load,skewed,26,0.46538,0.58,0.05237,0.7,64.495,0.0032,0.0,0,0.0,0.0,1000,1000,0,0,0,1723.8846
Least Load,skewed,27,0.45979,0.56,0.07194,0.5,62.159,0.0033,0.0,0,0.0,0.0,1000,1000,0,0,0,1785.5529
Least Load,skewed,28,0.43043,0.596,0.01515,0.8,61.134,0.0032,0.0,0,0.0,0.0,1000,1000,0,0,0,1677.2345
Least Load,skewed,29,0.4365,0.61,0.05317,0.5,63.464,0.0032,0.0,0,0.0,0.0,1000,1000,0,0,0,1639.6324
FLB,low,0,0.49083,0.285,0.01418,10.0,67.226,0.3772,0.0,0,0.4277,0.0,1000,1000,0,27,27,3513.4493
FLB,low,1,0.37676,0.3,0.02305,0.2,64.978,0.3896,0.0,0,0.4552,0.0,1000,1000,0,27,27,3335.4833
FLB,low,2,0.38108,0.292,0.01211,0.1,66.464,0.3908,0.0,0,0.4382,0.0,1000,1000,0,27,27,3424.2751
FLB,low,3,0.34796,0.313,0.03123,0.0,65.396,0.3709,0.0,0,0.4534,0.0,1000,1000,0,27,27,3193.7366
FLB,low,4,0.39379,0.29,0.04714,0.4,62.057,0.3736,0.0,0,0.4678,0.0,1000,1000,0,27,27,3449.326
FLB,low,5,0.37024,0.288,0.03071,0.1,63.38,0.4096,0.0,0,0.4647,0.0,1000,1000,0,27,27,3469.6059
FLB,low,6,0.40532,0.303,0.04081,1.0,65.303,0.3897,0.0,0,0.4468,0.0,1000,1000,0,27,27,3303.812
FLB,low,7,0.40522,0.31,0.03603,2.2,65.81,0.3726,0.0,0,0.4348,0.0,1000,1000,0,27,27,3221.2385
FLB,low,8,0.39887,0.299,0.01267,2.3,67.607,0.3697,0.0,0,0.4321,0.0,1000,1000,0,27,27,3345.1659
FLB,low,9,0.40885,0.319,0.04758,4.8,56.427,0.379,0.0,0,0.5101,0.0,1000,1000,0,27,27,3129.9944
FLB,low,10,0.41904,0.303,0.01317,2.4,68.536,0.3679,0.0,0,0.4177,0.0,1000,1000,0,27,27,3303.4505
FLB,low,11,0.43576,0.311,0.0309,2.4,66.461,0.3832,0.0,0,0.435,0.0,1000,1000,0,27,27,3211.0816
FLB,low,12,0.38992,0.295,0.01352,0.0,64.606,0.3926,0.0,0,0.4641,0.0,1000,1000,0,27,27,3385.2954
FLB,low,13,0.38894,0.303,0.03392,1.3,66.927,0.3901,0.0,0,0.4319,0.0,1000,1000,0,27,27,3300.4607
FLB,low,14,0.37063,0.3,0.03232,0.1,63.182,0.3936,0.0,0,0.4649,0.0,1000,1000,0,27,27,3327.8862
FLB,low,15,0.35703,0.307,0.02407,0.0,62.649,0.4584,0.0,0,0.4728,0.0,1000,1000,0,27,27,3260.0413
FLB,low,16,0.42272,0.291,0.02665,2.7,67.773,0.4012,0.0,0,0.4261,0.0,1000,1000,0,27,27,3432.6553
FLB,low,17,0.39731,0.309,0.03736,0.4,59.198,0.4278,0.0,0,0.4931,0.0,1000,1000,0,27,27,3238.1104
FLB,low,18,0.35994,0.304,0.01682,0.5,63.531,0.3728,0.0,0,0.4653,0.0,1000,1000,0,27,27,3287.2149
FLB,low,19,0.41525,0.3,0.02716,1.2,62.854,0.4298,0.0,0,0.4731,0.0,1000,1000,0,27,27,3327.796
FLB,low,20,0.40911,0.296,0.02605,2.9,66.289,0.4025,0.0,0,0.4386,0.0,1000,1000,0,27,27,3377.5263
FLB,low,21,0.38929,0.312,0.01467,0.8,69.164,0.3959,0.0,0,0.4111,0.0,1000,1000,0,27,27,3203.598
FLB,low,22,0.38751,0.305,0.05518,2.1,63.814,0.3703,0.0,0,0.454,0.0,1000,1000,0,27,27,3280.4429
FLB,low,23,0.45477,0.292,0.04064,2.7,63.587,0.3855,0.0,0,0.4691,0.0,1000,1000,0,27,27,3428.702
FLB,low,24,0.36399,0.316,0.02073,0.7,69.914,0.3829,0.0,0,0.409,0.0,1000,1000,0,27,27,3163.9156
FLB,low,25,0.41971,0.291,0.0431,2.9,68.037,0.3966,0.0,0,0.4188,0.0,1000,1000,0,27,27,3440.1097
FLB,low,26,0.47858,0.295,0.02197,9.6,65.571,0.3727,0.0,0,0.4437,0.0,1000,1000,0,27,27,3388.939
FLB,low,27,0.39068,0.302,0.0366,0.5,63.991,0.3775,0.0,0,0.4652,0.0,1000,1000,0,27,27,3315.4604
FLB,low,28,0.40232,0.298,0.02713,1.7,66.802,0.5351,0.0,0,0.431,0.0,1000,1000,0,27,27,3356.1432
FLB,low,29,0.34437,0.294,0.02403,0.1,60.589,0.5316,0.0,0,0.493,0.0,1000,1000,0,27,27,3395.6688
FLB,high,0,0.43806,0.914,0.02563,1.9,69.537,0.571,0.0,0,0.4122,0.0,1000,1000,0,27,27,1093.851
FLB,high,1,0.55929,0.858,0.02182,3.4,66.313,0.5766,0.0,0,0.4254,0.0,1000,1000,0,27,27,1165.8007
FLB,high,2,0.47686,0.9,0.02978,1.0,65.555,0.7648,0.0,0,0.436,0.0,1000,1000,0,27,27,1110.9191
FLB,high,3,0.39855,0.903,0.02437,0.0,65.998,0.5081,0.0,0,0.4498,0.0,1000,1000,0,27,27,1107.3914
FLB,high,4,0.42144,0.959,0.02715,1.0,69.593,0.4053,0.0,0,0.3964,0.0,1000,1000,0,27,27,1042.7492
FLB,high,5,0.40249,0.881,0.03166,1.0,61.03,0.3757,0.0,0,0.4792,0.0,1000,1000,0,27,27,1135.6242
FLB,high,6,0.43291,0.9,0.05304,1.5,58.249,0.4818,0.0,0,0.4894,0.0,1000,1000,0,27,27,1110.8362
FLB,high,7,0.44942,0.911,0.03115,1.3,61.129,0.4067,0.0,0,0.4783,0.0,1000,1000,0,27,27,1097.7198
FLB,high,8,0.51745,0.861,0.032,2.7,64.966,0.4079,0.0,0,0.4431,0.0,1000,1000,0,27,27,1161.3831
FLB,high,9,0.36725,0.881,0.04726,0.1,61.573,0.395,0.0,0,0.4668,0.0,1000,1000,0,27,27,1134.8044
FLB,high,10,0.44162,0.938,0.01697,2.6,69.98,0.419,0.0,0,0.3988,0.0,1000,1000,0,27,27,1066.6359
FLB,high,11,0.45963,0.885,0.05683,3.2,68.21,0.3919,0.0,0,0.4213,0.0,1000,1000,0,27,27,1129.8074
FLB,high,12,0.39545,0.886,0.01137,0.1,66.307,0.3911,0.0,0,0.4365,0.0,1000,1000,0,27,27,1128.7891
FLB,high,13,0.45236,0.86,0.01931,1.1,66.46,0.3798,0.0,0,0.4279,0.0,1000,1000,0,27,27,1162.9989
FLB,high,14,0.41501,0.903,0.01228,0.4,66.934,0.5193,0.0,0,0.4306,0.0,1000,1000,0,27,27,1107.1666
FLB,high,15,0.44168,0.927,0.03204,1.2,66.106,0.5342,0.0,0,0.4433,0.0,1000,1000,0,27,27,1078.7153
FLB,high,16,0.47019,0.891,0.01874,0.8,65.834,0.3867,0.0,0,0.438,0.0,1000,1000,0,27,27,1122.4402
FLB,high,17,0.48,0.902,0.01943,1.1,66.903,0.3887,0.0,0,0.4348,0.0,1000,1000,0,27,27,1108.4045
FLB,high,18,0.52037,0.913,0.0192,3.0,68.517,0.373,0.0,0,0.4127,0.0,1000,1000,0,27,27,1094.8451
FLB,high,19,0.38641,0.874,0.01032,0.1,67.482,0.6004,0.0,0,0.4331,0.0,1000,1000,0,27,27,1143.8308
FLB,high,20,0.40783,0.897,0.01206,0.5,68.54,0.5365,0.0,0,0.4173,0.0,1000,1000,0,27,27,1114.6744
FLB,high,21,0.46601,0.894,0.03283,2.3,67.455,0.6225,0.0,0,0.4335,0.0,1000,1000,0,27,27,1119.175
FLB,high,22,0.50162,0.849,0.02854,2.3,68.645,0.4577,0.0,0,0.3987,0.0,1000,1000,0,27,27,1177.9006
FLB,high,23,0.51174,0.885,0.03101,4.3,68.452,0.3748,0.0,0,0.4141,0.0,1000,1000,0,27,27,1130.4442
FLB,high,24,0.42928,0.877,0.04273,1.0,67.947,0.3705,0.0,0,0.4284,0.0,1000,1000,0,27,27,1140.0936
FLB,high,25,0.47555,0.952,0.02756,1.5,67.254,0.4028,0.0,0,0.4069,0.0,1000,1000,0,27,27,1050.526
FLB,high,26,0.3796,0.929,0.02651,0.2,62.819,0.3825,0.0,0,0.4457,0.0,1000,1000,0,27,27,1076.5637
FLB,high,27,0.45816,0.946,0.014,1.0,64.663,0.3965,0.0,0,0.4493,0.0,1000,1000,0,27,27,1057.5215
FLB,high,28,0.40712,0.839,0.02031,0.1,68.532,0.4059,0.0,0,0.4215,0.0,1000,1000,0,27,27,1191.5347
FLB,high,29,0.44746,0.891,0.02265,1.0,65.857,0.4009,0.0,0,0.4304,0.0,1000,1000,0,27,27,1122.7032
FLB,bursty,0,0.45008,1.045,0.02517,1.5,61.684,0.4124,0.0,0,0.4668,0.0,1000,1000,0,27,27,956.7989
FLB,bursty,1,0.43034,1.148,0.02084,1.3,62.922,0.4147,0.0,0,0.4599,0.0,1000,1000,0,27,27,871.2797
FLB,bursty,2,0.39322,1.164,0.01305,0.0,61.223,0.4337,0.0,0,0.4744,0.0,1000,1000,0,27,27,858.7803
FLB,bursty,3,0.40672,1.093,0.04934,0.3,60.781,0.3875,0.0,0,0.4699,0.0,1000,1000,0,27,27,915.1506
FLB,bursty,4,0.43724,1.165,0.00976,0.3,68.8,0.3811,0.0,0,0.4195,0.0,1000,1000,0,27,27,858.5286
FLB,bursty,5,0.34357,1.183,0.03627,0.1,61.734,0.4071,0.0,0,0.472,0.0,1000,1000,0,27,27,845.6526
FLB,bursty,6,0.51104,1.175,0.01717,2.6,67.446,0.3838,0.0,0,0.4228,0.0,1000,1000,0,27,27,851.3804
FLB,bursty,7,0.46266,1.204,0.03995,2.7,60.895,0.4027,0.0,0,0.4512,0.0,1000,1000,0,27,27,830.3763
FLB,bursty,8,0.45132,1.078,0.01955,2.9,70.902,0.413,0.0,0,0.3923,0.0,1000,1000,0,27,27,927.6415
FLB,bursty,9,0.40559,1.084,0.01197,0.1,71.37,0.3794,0.0,0,0.3873,0.0,1000,1000,0,27,27,922.483
FLB,bursty,10,0.4679,1.087,0.03623,3.1,63.95,0.3873,0.0,0,0.44,0.0,1000,1000,0,27,27,920.2064
FLB,bursty,11,0.37271,1.062,0.03109,0.2,67.97,0.3668,0.0,0,0.4102,0.0,1000,1000,0,27,27,941.4903
FLB,bursty,12,0.4493,1.108,0.04438,2.2,65.101,0.3745,0.0,0,0.435,0.0,1000,1000,0,27,27,902.5708
FLB,bursty,13,0.41807,1.175,0.02184,1.2,65.008,0.3804,0.0,0,0.4471,0.0,1000,1000,0,27,27,851.26
FLB,bursty,14,0.43204,1.144,0.0095,0.3,67.71,0.4316,0.0,0,0.4235,0.0,1000,1000,0,27,27,874.1242
FLB,bursty,15,0.49112,1.07,0.03418,2.1,68.382,0.3941,0.0,0,0.408,0.0,1000,1000,0,27,27,934.4499
FLB,bursty,16,0.45316,1.065,0.03148,1.6,65.43,0.3792,0.0,0,0.4287,0.0,1000,1000,0,27,27,938.8702
FLB,bursty,17,0.49233,1.113,0.02937,2.1,67.827,0.3929,0.0,0,0.4191,0.0,1000,1000,0,27,27,898.6052
FLB,bursty,18,0.404,1.117,0.02042,1.3,66.603,0.3896,0.0,0,0.4285,0.0,1000,1000,0,27,27,895.4909
FLB,bursty,19,0.42635,1.238,0.03913,0.1,62.867,0.384,0.0,0,0.4659,0.0,1000,1000,0,27,27,807.6686
FLB,bursty,20,0.68525,1.223,0.00919,4.8,69.128,0.5667,0.0,0,0.4191,0.0,1000,1000,0,27,27,817.4202
FLB,bursty,21,0.38559,1.197,0.01326,0.0,67.277,0.7464,0.0,0,0.4267,0.0,1000,1000,0,27,27,835.7329
FLB,bursty,22,0.41933,1.067,0.02874,2.1,68.594,0.5851,0.0,0,0.4084,0.0,1000,1000,0,27,27,937.491
FLB,bursty,23,0.34556,1.091,0.01581,0.0,67.512,0.6436,0.0,0,0.4311,0.0,1000,1000,0,27,27,916.3045
FLB,bursty,24,0.46401,1.117,0.02699,1.0,70.712,0.9738,0.0,0,0.4013,0.0,1000,1000,0,27,27,895.4498
FLB,bursty,25,0.41297,1.078,0.02804,1.9,66.339,0.3718,0.0,0,0.4247,0.0,1000,1000,0,27,27,927.2947
FLB,bursty,26,0.44013,1.117,0.04949,0.9,61.308,0.4154,0.0,0,0.4565,0.0,1000,1000,0,27,27,895.4521
FLB,bursty,27,0.44513,1.238,0.0267,2.1,67.332,0.4474,0.0,0,0.4244,0.0,1000,1000,0,27,27,808.0743
FLB,bursty,28,0.41955,1.061,0.03543,0.7,62.362,0.4007,0.0,0,0.4593,0.0,1000,1000,0,27,27,942.5199
FLB,bursty,29,0.46936,1.069,0.02909,3.8,60.612,0.3769,0.0,0,0.4691,0.0,1000,1000,0,27,27,935.2807
FLB,skewed,0,0.42685,0.588,0.0182,0.2,69.305,0.3891,0.0,0,0.4138,0.0,1000,1000,0,27,27,1699.5731
FLB,skewed,1,0.45361,0.571,0.01423,0.6,66.178,0.4108,0.0,0,0.4322,0.0,1000,1000,0,27,27,1751.5421
FLB,skewed,2,0.36184,0.577,0.03886,0.2,62.948,0.3972,0.0,0,0.4599,0.0,1000,1000,0,27,27,1733.1553
FLB,skewed,3,0.43422,0.567,0.03264,0.5,62.636,0.4223,0.0,0,0.4554,0.0,1000,1000,0,27,27,1763.3249
FLB,skewed,4,0.45083,0.618,0.01875,0.8,69.4,0.4043,0.0,0,0.3984,0.0,1000,1000,0,27,27,1617.6187
FLB,skewed,5,0.37775,0.634,0.01203,0.0,66.309,0.4721,0.0,0,0.4448,0.0,1000,1000,0,27,27,1576.1225
FLB,skewed,6,0.52285,0.582,0.01486,3.1,65.547,0.4078,0.0,0,0.431,0.0,1000,1000,0,27,27,1718.6085
FLB,skewed,7,0.38077,0.606,0.02607,0.0,65.237,0.3843,0.0,0,0.4445,0.0,1000,1000,0,27,27,1649.8936
FLB,skewed,8,0.42069,0.652,0.01465,0.5,69.988,0.3819,0.0,0,0.4036,0.0,1000,1000,0,27,27,1534.2956
FLB,skewed,9,0.41939,0.586,0.03668,2.5,66.37,0.3916,0.0,0,0.4248,0.0,1000,1000,0,27,27,1705.1139
FLB,skewed,10,0.42753,0.602,0.01435,0.1,66.81,0.3928,0.0,0,0.422,0.0,1000,1000,0,27,27,1660.0734
FLB,skewed,11,0.49729,0.591,0.02157,1.8,66.646,0.3664,0.0,0,0.4177,0.0,1000,1000,0,27,27,1692.6764
FLB,skewed,12,0.46285,0.603,0.02877,2.8,66.003,0.37,0.0,0,0.4271,0.0,1000,1000,0,27,27,1658.3109
FLB,skewed,13,0.38451,0.597,0.0192,0.1,69.404,0.3926,0.0,0,0.4098,0.0,1000,1000,0,27,27,1674.6719
FLB,skewed,14,0.44803,0.618,0.0502,1.8,60.144,0.4009,0.0,0,0.4788,0.0,1000,1000,0,27,27,1617.8568
FLB,skewed,15,0.51928,0.591,0.01788,3.2,65.794,0.3928,0.0,0,0.4438,0.0,1000,1000,0,27,27,1690.8148
FLB,skewed,16,0.44907,0.622,0.01152,1.5,69.16,0.6859,0.0,0,0.4121,0.0,1000,1000,0,27,27,1607.3999
FLB,skewed,17,0.41685,0.594,0.03005,0.3,64.219,1.0749,0.0,0,0.4542,0.0,1000,1000,0,27,27,1684.1524
FLB,skewed,18,0.37557,0.595,0.02688,0.0,66.396,0.5044,0.0,0,0.4382,0.0,1000,1000,0,27,27,1681.8262
FLB,skewed,19,0.46102,0.604,0.01058,1.3,68.105,0.5222,0.0,0,0.4076,0.0,1000,1000,0,27,27,1655.3385
FLB,skewed,20,0.56251,0.611,0.01328,5.4,70.685,0.5258,0.0,0,0.396,0.0,1000,1000,0,27,27,1637.2481
FLB,skewed,21,0.46001,0.603,0.03624,0.6,63.103,0.3962,0.0,0,0.4491,0.0,1000,1000,0,27,27,1657.3165
FLB,skewed,22,0.43969,0.619,0.0179,0.5,69.212,0.3911,0.0,0,0.4116,0.0,1000,1000,0,27,27,1616.0798
FLB,skewed,23,0.46696,0.609,0.02206,2.9,61.694,0.4091,0.0,0,0.4689,0.0,1000,1000,0,27,27,1642.3347
FLB,skewed,24,0.41237,0.607,0.02759,1.1,66.806,0.4215,0.0,0,0.4293,0.0,1000,1000,0,27,27,1648.5623
FLB,skewed,25,0.39046,0.627,0.01998,0.3,68.429,0.3704,0.0,0,0.4146,0.0,1000,1000,0,27,27,1594.9451
FLB,skewed,26,0.47471,0.58,0.01999,1.3,67.541,0.388,0.0,0,0.4302,0.0,1000,1000,0,27,27,1723.8846
FLB,skewed,27,0.42862,0.56,0.03294,0.6,67.478,0.4043,0.0,0,0.4286,0.0,1000,1000,0,27,27,1785.5529
FLB,skewed,28,0.44159,0.596,0.03198,1.5,62.72,0.3878,0.0,0,0.4499,0.0,1000,1000,0,27,27,1677.2345
FLB,skewed,29,0.45565,0.61,0.05613,1.0,63.881,0.4059,0.0,0,0.4577,0.0,1000,1000,0,27,27,1639.6324
GA-FLB,low,0,0.46601,0.285,0.02863,8.1,63.852,0.3109,77.78,0,0.274,0.7778,1000,1000,0,6,27,3513.4493
GA-FLB,low,1,0.37553,0.3,0.05305,0.0,65.322,0.2701,81.48,0,0.2916,0.8148,1000,1000,0,5,27,3335.4833
GA-FLB,low,2,0.3656,0.292,0.01205,0.0,66.01,0.2879,81.48,0,0.2863,0.8148,1000,1000,0,5,27,3424.2751
GA-FLB,low,3,0.36044,0.313,0.04232,0.1,65.228,0.2723,85.19,0,0.2849,0.8519,1000,1000,0,4,27,3193.7366
GA-FLB,low,4,0.38943,0.29,0.05417,0.0,61.604,0.2624,85.19,0,0.2929,0.8519,1000,1000,0,4,27,3449.326
GA-FLB,low,5,0.35452,0.288,0.05915,0.1,62.225,0.4934,81.48,0,0.3836,0.8148,1000,1000,0,5,27,3469.6059
GA-FLB,low,6,0.4034,0.303,0.0355,0.5,66.795,0.2682,85.19,0,0.2803,0.8519,1000,1000,0,4,27,3303.812
GA-FLB,low,7,0.40374,0.31,0.04285,1.7,64.106,0.2747,81.48,0,0.2798,0.8148,1000,1000,0,5,27,3221.2385
GA-FLB,low,8,0.39543,0.299,0.04951,1.4,65.051,0.273,81.48,0,0.2808,0.8148,1000,1000,0,5,27,3345.1659
GA-FLB,low,9,0.42143,0.319,0.04413,4.4,56.652,0.2738,77.78,0,0.5347,0.7778,1000,1000,0,6,27,3129.9944
GA-FLB,low,10,0.42043,0.303,0.04899,1.9,65.228,0.271,85.19,0,0.2832,0.8519,1000,1000,0,4,27,3303.4505
GA-FLB,low,11,0.42228,0.311,0.03619,0.6,66.147,0.2678,81.48,0,0.5242,0.8148,1000,1000,0,5,27,3211.0816
GA-FLB,low,12,0.37347,0.295,0.03043,0.0,60.679,0.269,85.19,0,0.1932,0.8519,1000,1000,0,4,27,3385.2954
GA-FLB,low,13,0.3772,0.303,0.04837,0.5,65.458,0.27,81.48,0,0.2801,0.8148,1000,1000,0,5,27,3300.4607
GA-FLB,low,14,0.36052,0.3,0.05987,0.0,59.905,0.3541,81.48,0,0.3001,0.8148,1000,1000,0,5,27,3327.8862
GA-FLB,low,15,0.35055,0.307,0.04846,0.0,60.59,0.2875,85.19,0,0.2965,0.8519,1000,1000,0,4,27,3260.0413
GA-FLB,low,16,0.4011,0.291,0.04967,1.6,64.128,0.31,74.07,0,0.2802,0.7407,1000,1000,0,7,27,3432.6553
GA-FLB,low,17,0.38737,0.309,0.04119,0.1,59.361,0.2704,81.48,0,0.2973,0.8148,1000,1000,0,5,27,3238.1104
GA-FLB,low,18,0.35608,0.304,0.05066,0.1,59.023,0.2607,85.19,0,0.3903,0.8519,1000,1000,0,4,27,3287.2149
GA-FLB,low,19,0.42942,0.3,0.03581,2.2,62.986,0.2529,88.89,0,0.1859,0.8889,1000,1000,0,3,27,3327.796
GA-FLB,low,20,0.40136,0.296,0.02191,3.2,67.528,0.2887,81.48,0,0.4298,0.8148,1000,1000,0,5,27,3377.5263
GA-FLB,low,21,0.38293,0.312,0.06226,0.1,62.846,0.2568,85.19,0,0.2873,0.8519,1000,1000,0,4,27,3203.598
GA-FLB,low,22,0.40065,0.305,0.0516,2.2,65.584,0.265,81.48,0,0.1691,0.8148,1000,1000,0,5,27,3280.4429
GA-FLB,low,23,0.45651,0.292,0.06084,3.1,61.434,0.248,88.89,0,0.1811,0.8889,1000,1000,0,3,27,3428.702
GA-FLB,low,24,0.36278,0.316,0.04239,0.2,67.236,0.3621,85.19,0,0.2774,0.8519,1000,1000,0,4,27,3163.9156
GA-FLB,low,25,0.40663,0.291,0.0696,2.0,65.641,0.2822,74.07,0,0.2758,0.7407,1000,1000,0,7,27,3440.1097
GA-FLB,low,26,0.45369,0.295,0.0577,6.7,63.903,0.2755,74.07,0,0.2813,0.7407,1000,1000,0,7,27,3388.939
GA-FLB,low,27,0.38541,0.302,0.06021,0.1,63.13,0.2672,81.48,0,0.2762,0.8148,1000,1000,0,5,27,3315.4604
GA-FLB,low,28,0.39346,0.298,0.0171,1.5,67.085,0.4014,81.48,0,0.4286,0.8148,1000,1000,0,5,27,3356.1432
GA-FLB,low,29,0.34931,0.294,0.05481,0.0,61.217,0.3539,85.19,0,0.3936,0.8519,1000,1000,0,4,27,3395.6688
GA-FLB,high,0,0.42999,0.914,0.02545,1.2,69.077,0.4889,74.07,0,0.4203,0.7407,1000,1000,0,7,27,1093.851
GA-FLB,high,1,0.54073,0.858,0.05152,2.5,63.839,0.5433,81.48,0,0.2708,0.8148,1000,1000,0,5,27,1165.8007
GA-FLB,high,2,0.43373,0.9,0.06065,0.3,60.892,0.4068,81.48,0,0.2759,0.8148,1000,1000,0,5,27,1110.9191
GA-FLB,high,3,0.39835,0.903,0.03845,0.0,65.136,0.2503,88.89,0,0.1866,0.8889,1000,1000,0,3,27,1107.3914
GA-FLB,high,4,0.41201,0.959,0.04312,0.5,67.16,0.2686,77.78,0,0.274,0.7778,1000,1000,0,6,27,1042.7492
GA-FLB,high,5,0.41697,0.881,0.06543,0.6,60.263,0.2976,74.07,0,0.2897,0.7407,1000,1000,0,7,27,1135.6242
GA-FLB,high,6,0.45407,0.9,0.04891,0.8,63.01,0.2613,92.59,0,0.175,0.9259,1000,1000,0,2,27,1110.8362
GA-FLB,high,7,0.44396,0.911,0.04679,0.8,60.831,0.3029,77.78,0,0.3823,0.7778,1000,1000,0,6,27,1097.7198
GA-FLB,high,8,0.52788,0.861,0.03855,2.9,63.229,0.2561,85.19,0,0.1785,0.8519,1000,1000,0,4,27,1161.3831
GA-FLB,high,9,0.37236,0.881,0.05877,0.1,61.85,0.2674,81.48,0,0.2871,0.8148,1000,1000,0,5,27,1134.8044
GA-FLB,high,10,0.42324,0.938,0.03793,2.0,68.139,0.2889,77.78,0,0.2729,0.7778,1000,1000,0,6,27,1066.6359
GA-FLB,high,11,0.44688,0.885,0.08324,1.9,65.382,0.279,77.78,0,0.2709,0.7778,1000,1000,0,6,27,1129.8074
GA-FLB,high,12,0.35094,0.886,0.04802,0.0,63.992,0.3035,74.07,0,0.524,0.7407,1000,1000,0,7,27,1128.7891
GA-FLB,high,13,0.43018,0.86,0.03805,0.4,64.839,0.2646,92.59,0,0.1745,0.9259,1000,1000,0,2,27,1162.9989
GA-FLB,high,14,0.41422,0.903,0.03463,0.5,67.202,0.3545,74.07,0,0.2742,0.7407,1000,1000,0,7,27,1107.1666
GA-FLB,high,15,0.42802,0.927,0.06049,0.7,64.947,0.4621,77.78,0,0.5278,0.7778,1000,1000,0,6,27,1078.7153
GA-FLB,high,16,0.46672,0.891,0.04188,0.9,64.32,0.2692,88.89,0,0.2711,0.8889,1000,1000,0,3,27,1122.4402
GA-FLB,high,17,0.46504,0.902,0.05836,0.5,61.549,0.2774,74.07,0,0.2831,0.7407,1000,1000,0,7,27,1108.4045
GA-FLB,high,18,0.4977,0.913,0.03636,2.1,65.96,0.2811,74.07,0,0.2699,0.7407,1000,1000,0,7,27,1094.8451
GA-FLB,high,19,0.37978,0.874,0.03519,0.0,64.86,0.3937,81.48,0,0.2899,0.8148,1000,1000,0,5,27,1143.8308
GA-FLB,high,20,0.40036,0.897,0.00699,0.4,68.191,0.3635,81.48,0,0.4207,0.8148,1000,1000,0,5,27,1114.6744
GA-FLB,high,21,0.44172,0.894,0.07886,0.6,64.806,0.4062,77.78,0,0.1773,0.7778,1000,1000,0,6,27,1119.175
GA-FLB,high,22,0.47713,0.849,0.05194,1.5,65.463,0.3091,77.78,0,0.5037,0.7778,1000,1000,0,6,27,1177.9006
GA-FLB,high,23,0.48587,0.885,0.04944,1.6,65.094,0.3369,77.78,0,0.2722,0.7778,1000,1000,0,6,27,1130.4442
GA-FLB,high,24,0.40806,0.877,0.06289,0.1,64.671,0.261,88.89,0,0.2847,0.8889,1000,1000,0,3,27,1140.0936
GA-FLB,high,25,0.45799,0.952,0.0553,0.6,59.319,0.2871,81.48,0,0.2758,0.8148,1000,1000,0,5,27,1050.526
GA-FLB,high,26,0.40438,0.929,0.04759,0.1,62.151,0.2749,81.48,0,0.37,0.8148,1000,1000,0,5,27,1076.5637
GA-FLB,high,27,0.45565,0.946,0.02678,1.0,62.032,0.3329,74.07,0,0.2802,0.7407,1000,1000,0,7,27,1057.5215
GA-FLB,high,28,0.39979,0.839,0.03497,0.2,66.83,0.3696,85.19,0,0.274,0.8519,1000,1000,0,4,27,1191.5347
GA-FLB,high,29,0.44277,0.891,0.05202,0.3,64.235,0.2845,81.48,0,0.2808,0.8148,1000,1000,0,5,27,1122.7032
GA-FLB,bursty,0,0.42348,1.045,0.05618,0.8,58.632,0.2868,77.78,0,0.5268,0.7778,1000,1000,0,6,27,956.7989
GA-FLB,bursty,1,0.40129,1.148,0.02855,1.5,62.546,0.3008,81.48,0,0.2849,0.8148,1000,1000,0,5,27,871.2797
GA-FLB,bursty,2,0.37685,1.164,0.03839,0.0,59.242,0.2627,85.19,0,0.1863,0.8519,1000,1000,0,4,27,858.7803
GA-FLB,bursty,3,0.39036,1.093,0.05154,0.0,59.827,0.2742,81.48,0,0.5277,0.8148,1000,1000,0,5,27,915.1506
GA-FLB,bursty,4,0.42064,1.165,0.05729,0.1,64.645,0.2591,96.3,0,0.18,0.963,1000,1000,0,1,27,858.5286
GA-FLB,bursty,5,0.34634,1.183,0.05633,0.0,61.217,0.2617,85.19,0,0.2953,0.8519,1000,1000,0,4,27,845.6526
GA-FLB,bursty,6,0.48098,1.175,0.0383,2.4,64.342,0.3684,74.07,0,0.5272,0.7407,1000,1000,0,7,27,851.3804
GA-FLB,bursty,7,0.46927,1.204,0.04105,1.2,59.398,0.2791,77.78,0,0.2705,0.7778,1000,1000,0,6,27,830.3763
GA-FLB,bursty,8,0.46298,1.078,0.05345,2.8,67.661,0.2862,74.07,0,0.2735,0.7407,1000,1000,0,7,27,927.6415
GA-FLB,bursty,9,0.40639,1.084,0.05344,0.0,65.512,0.2592,85.19,0,0.5154,0.8519,1000,1000,0,4,27,922.483
GA-FLB,bursty,10,0.44859,1.087,0.05213,2.7,61.971,0.2563,85.19,0,0.1739,0.8519,1000,1000,0,4,27,920.2064
GA-FLB,bursty,11,0.3996,1.062,0.03966,0.3,65.419,0.2883,81.48,0,0.2778,0.8148,1000,1000,0,5,27,941.4903
GA-FLB,bursty,12,0.41694,1.108,0.06161,0.7,61.479,0.2787,74.07,0,0.2753,0.7407,1000,1000,0,7,27,902.5708
GA-FLB,bursty,13,0.4186,1.175,0.06738,0.9,62.382,0.2959,81.48,0,0.5278,0.8148,1000,1000,0,5,27,851.26
GA-FLB,bursty,14,0.41481,1.144,0.04639,0.2,64.798,0.2837,81.48,0,0.1808,0.8148,1000,1000,0,5,27,874.1242
GA-FLB,bursty,15,0.46856,1.07,0.04665,1.0,65.28,0.2794,77.78,0,0.1601,0.7778,1000,1000,0,6,27,934.4499
GA-FLB,bursty,16,0.4555,1.065,0.06356,0.7,61.688,0.2657,88.89,0,0.1834,0.8889,1000,1000,0,3,27,938.8702
GA-FLB,bursty,17,0.48626,1.113,0.06341,1.6,65.656,0.2983,77.78,0,0.276,0.7778,1000,1000,0,6,27,898.6052
GA-FLB,bursty,18,0.41287,1.117,0.03385,0.8,63.574,0.2883,74.07,0,0.2761,0.7407,1000,1000,0,7,27,895.4909
GA-FLB,bursty,19,0.41718,1.238,0.06199,0.2,59.946,0.2782,85.19,0,0.5378,0.8519,1000,1000,0,4,27,807.6686
GA-FLB,bursty,20,0.65097,1.223,0.04895,4.9,66.544,0.5978,88.89,0,0.1791,0.8889,1000,1000,0,3,27,817.4202
GA-FLB,bursty,21,0.3801,1.197,0.04293,0.0,63.746,0.3458,81.48,0,0.2812,0.8148,1000,1000,0,5,27,835.7329
GA-FLB,bursty,22,0.38871,1.067,0.03973,1.9,67.158,0.4075,77.78,0,0.2748,0.7778,1000,1000,0,6,27,937.491
GA-FLB,bursty,23,0.3369,1.091,0.02306,0.0,65.3,0.3794,85.19,0,0.1875,0.8519,1000,1000,0,4,27,916.3045
GA-FLB,bursty,24,0.45312,1.117,0.05589,0.5,65.153,0.2971,88.89,0,0.5177,0.8889,1000,1000,0,3,27,895.4498
GA-FLB,bursty,25,0.41762,1.078,0.04883,0.8,62.266,0.2763,77.78,0,0.2796,0.7778,1000,1000,0,6,27,927.2947
GA-FLB,bursty,26,0.44639,1.117,0.04165,1.0,61.26,0.2931,77.78,0,0.4601,0.7778,1000,1000,0,6,27,895.4521
GA-FLB,bursty,27,0.43639,1.238,0.06151,1.6,64.44,0.2905,77.78,0,0.2816,0.7778,1000,1000,0,6,27,808.0743
GA-FLB,bursty,28,0.40392,1.061,0.04385,0.6,61.988,0.2806,77.78,0,0.461,0.7778,1000,1000,0,6,27,942.5199
GA-FLB,bursty,29,0.46866,1.069,0.04173,2.0,60.696,0.2824,77.78,0,0.2801,0.7778,1000,1000,0,6,27,935.2807
GA-FLB,skewed,0,0.41414,0.588,0.0433,0.0,65.987,0.2961,81.48,0,0.5252,0.8148,1000,1000,0,5,27,1699.5731
GA-FLB,skewed,1,0.44291,0.571,0.05587,0.4,63.306,0.271,81.48,0,0.5188,0.8148,1000,1000,0,5,27,1751.5421
GA-FLB,skewed,2,0.36026,0.577,0.04029,0.2,62.971,0.2819,81.48,0,0.4596,0.8148,1000,1000,0,5,27,1733.1553
GA-FLB,skewed,3,0.40594,0.567,0.06082,0.2,60.756,0.3185,85.19,0,0.1822,0.8519,1000,1000,0,4,27,1763.3249
GA-FLB,skewed,4,0.42805,0.618,0.06286,0.5,67.82,0.3046,74.07,0,0.2699,0.7407,1000,1000,0,7,27,1617.6187
GA-FLB,skewed,5,0.37251,0.634,0.04091,0.0,63.236,0.2981,85.19,0,0.2956,0.8519,1000,1000,0,4,27,1576.1225
GA-FLB,skewed,6,0.48765,0.582,0.04951,1.4,63.88,0.2803,77.78,0,0.2706,0.7778,1000,1000,0,6,27,1718.6085
GA-FLB,skewed,7,0.38065,0.606,0.048,0.0,63.544,0.2947,81.48,0,0.3772,0.8148,1000,1000,0,5,27,1649.8936
GA-FLB,skewed,8,0.39958,0.652,0.03087,0.0,64.526,0.2943,81.48,0,0.2828,0.8148,1000,1000,0,5,27,1534.2956
GA-FLB,skewed,9,0.46638,0.586,0.05005,2.0,62.598,0.2955,74.07,0,0.2787,0.7407,1000,1000,0,7,27,1705.1139
GA-FLB,skewed,10,0.43864,0.602,0.04101,0.2,62.987,0.2807,81.48,0,0.4501,0.8148,1000,1000,0,5,27,1660.0734
GA-FLB,skewed,11,0.49072,0.591,0.0327,0.9,65.651,0.2429,92.59,0,0.1742,0.9259,1000,1000,0,2,27,1692.6764
GA-FLB,skewed,12,0.43805,0.603,0.08161,0.7,60.729,0.2665,77.78,0,0.5192,0.7778,1000,1000,0,6,27,1658.3109
GA-FLB,skewed,13,0.39871,0.597,0.03222,0.0,67.128,0.2884,81.48,0,0.5205,0.8148,1000,1000,0,5,27,1674.6719
GA-FLB,skewed,14,0.41412,0.618,0.09047,1.6,54.071,0.2688,77.78,0,0.4838,0.7778,1000,1000,0,6,27,1617.8568
GA-FLB,skewed,15,0.50192,0.591,0.04062,2.3,63.598,0.4777,77.78,0,0.275,0.7778,1000,1000,0,6,27,1690.8148
GA-FLB,skewed,16,0.43376,0.622,0.01556,0.5,69.089,0.4435,77.78,0,0.2729,0.7778,1000,1000,0,6,27,1607.3999
GA-FLB,skewed,17,0.39908,0.594,0.05728,0.4,62.722,0.3667,81.48,0,0.5251,0.8148,1000,1000,0,5,27,1684.1524
GA-FLB,skewed,18,0.36023,0.595,0.0602,0.0,60.664,0.3795,81.48,0,0.3902,0.8148,1000,1000,0,5,27,1681.8262
GA-FLB,skewed,19,0.44038,0.604,0.04723,0.7,62.64,0.4134,77.78,0,0.5134,0.7778,1000,1000,0,6,27,1655.3385
GA-FLB,skewed,20,0.52058,0.611,0.05737,2.6,61.726,0.2874,77.78,0,0.2764,0.7778,1000,1000,0,6,27,1637.2481
GA-FLB,skewed,21,0.43562,0.603,0.04266,0.5,60.437,0.3193,81.48,0,0.2768,0.8148,1000,1000,0,5,27,1657.3165
GA-FLB,skewed,22,0.44004,0.619,0.01141,0.2,69.262,0.2712,81.48,0,0.4092,0.8148,1000,1000,0,5,27,1616.0798
GA-FLB,skewed,23,0.49517,0.609,0.03771,2.4,61.853,0.2575,85.19,0,0.1794,0.8519,1000,1000,0,4,27,1642.3347
GA-FLB,skewed,24,0.41636,0.607,0.03787,1.0,62.832,0.2745,74.07,0,0.284,0.7407,1000,1000,0,7,27,1648.5623
GA-FLB,skewed,25,0.37643,0.627,0.0369,0.0,66.679,0.2888,81.48,0,0.2764,0.8148,1000,1000,0,5,27,1594.9451
GA-FLB,skewed,26,0.45597,0.58,0.05355,0.9,62.379,0.2862,74.07,0,0.3438,0.7407,1000,1000,0,7,27,1723.8846
GA-FLB,skewed,27,0.41834,0.56,0.0561,0.5,62.361,0.3048,70.37,0,0.5269,0.7037,1000,1000,0,8,27,1785.5529
GA-FLB,skewed,28,0.43542,0.596,0.05539,1.0,59.792,0.3008,77.78,0,0.5179,0.7778,1000,1000,0,6,27,1677.2345
GA-FLB,skewed,29,0.44154,0.61,0.06513,0.2,60.648,0.2842,85.19,0,0.3811,0.8519,1000,1000,0,4,27,1639.6324
PSO-FLB,low,0,0.46601,0.285,0.02863,8.1,63.852,0.3185,74.07,0,0.274,0.7407,1000,1000,0,7,27,3513.4493
PSO-FLB,low,1,0.37443,0.3,0.04574,0.2,65.438,0.3114,74.07,0,0.485,0.7407,1000,1000,0,7,27,3335.4833
PSO-FLB,low,2,0.3656,0.292,0.01205,0.0,66.01,0.3142,74.07,0,0.2863,0.7407,1000,1000,0,7,27,3424.2751
PSO-FLB,low,3,0.36925,0.313,0.0283,0.1,66.406,0.3242,77.78,0,0.5268,0.7778,1000,1000,0,6,27,3193.7366
PSO-FLB,low,4,0.39532,0.29,0.04291,0.5,62.246,0.3139,77.78,0,0.4098,0.7778,1000,1000,0,6,27,3449.326
PSO-FLB,low,5,0.35452,0.288,0.05915,0.1,62.225,0.27,81.48,0,0.3836,0.8148,1000,1000,0,5,27,3469.6059
PSO-FLB,low,6,0.38845,0.303,0.04259,0.5,64.961,0.279,74.07,0,0.5305,0.7407,1000,1000,0,7,27,3303.812
PSO-FLB,low,7,0.40374,0.31,0.04285,1.7,64.106,0.2822,85.19,0,0.2798,0.8519,1000,1000,0,4,27,3221.2385
PSO-FLB,low,8,0.38907,0.299,0.04472,1.3,64.589,0.2774,74.07,0,0.2804,0.7407,1000,1000,0,7,27,3345.1659
PSO-FLB,low,9,0.3985,0.319,0.04439,3.8,57.11,0.2795,77.78,0,0.3861,0.7778,1000,1000,0,6,27,3129.9944
PSO-FLB,low,10,0.41748,0.303,0.01589,2.9,68.639,0.2821,70.37,0,0.3392,0.7037,1000,1000,0,8,27,3303.4505
PSO-FLB,low,11,0.4144,0.311,0.06176,0.4,64.433,0.3075,74.07,0,0.382,0.7407,1000,1000,0,7,27,3211.0816
PSO-FLB,low,12,0.37156,0.295,0.03551,0.0,62.713,0.265,81.48,0,0.1889,0.8148,1000,1000,0,5,27,3385.2954
PSO-FLB,low,13,0.39837,0.303,0.04833,0.9,66.016,0.2679,81.48,0,0.5188,0.8148,1000,1000,0,5,27,3300.4607
PSO-FLB,low,14,0.3695,0.3,0.04534,0.0,60.504,0.3366,77.78,0,0.2996,0.7778,1000,1000,0,6,27,3327.8862
PSO-FLB,low,15,0.35055,0.307,0.04846,0.0,60.59,0.2976,81.48,0,0.2965,0.8148,1000,1000,0,5,27,3260.0413
PSO-FLB,low,16,0.40636,0.291,0.02866,2.7,66.03,0.3327,70.37,0,0.3707,0.7037,1000,1000,0,8,27,3432.6553
PSO-FLB,low,17,0.38737,0.309,0.04119,0.1,59.361,0.2681,81.48,0,0.2973,0.8148,1000,1000,0,5,27,3238.1104
PSO-FLB,low,18,0.35606,0.304,0.05142,0.1,59.073,0.2765,77.78,0,0.635,0.7778,1000,1000,0,6,27,3287.2149
PSO-FLB,low,19,0.43653,0.3,0.03643,2.2,63.35,0.2684,85.19,0,0.5345,0.8519,1000,1000,0,4,27,3327.796
PSO-FLB,low,20,0.40689,0.296,0.02653,3.1,66.688,0.2917,81.48,0,0.3667,0.8148,1000,1000,0,5,27,3377.5263
PSO-FLB,low,21,0.38303,0.312,0.06265,0.1,62.79,0.2576,81.48,0,0.1825,0.8148,1000,1000,0,5,27,3203.598
PSO-FLB,low,22,0.39371,0.305,0.05311,1.9,63.778,0.2705,77.78,0,0.1721,0.7778,1000,1000,0,6,27,3280.4429
PSO-FLB,low,23,0.44723,0.292,0.05828,2.7,61.784,0.2787,74.07,0,0.2847,0.7407,1000,1000,0,7,27,3428.702
PSO-FLB,low,24,0.36252,0.316,0.01778,1.0,69.881,0.3713,70.37,0,0.3382,0.7037,1000,1000,0,8,27,3163.9156
PSO-FLB,low,25,0.3947,0.291,0.06029,1.3,64.866,0.2885,70.37,0,0.5237,0.7037,1000,1000,0,8,27,3440.1097
PSO-FLB,low,26,0.45552,0.295,0.04187,7.1,64.471,0.2869,66.67,0,0.4789,0.6667,1000,1000,0,9,27,3388.939
PSO-FLB,low,27,0.37901,0.302,0.05332,0.1,60.96,0.3481,85.19,0,0.3893,0.8519,1000,1000,0,4,27,3315.4604
PSO-FLB,low,28,0.39755,0.298,0.04994,1.1,62.803,0.3469,74.07,0,0.2847,0.7407,1000,1000,0,7,27,3356.1432
PSO-FLB,low,29,0.34931,0.294,0.05481,0.0,61.217,0.4122,77.78,0,0.3936,0.7778,1000,1000,0,6,27,3395.6688
PSO-FLB,high,0,0.45177,0.914,0.0741,1.3,63.487,0.3545,70.37,0,0.2806,0.7037,1000,1000,0,8,27,1093.851
PSO-FLB,high,1,0.56137,0.858,0.02243,3.3,65.819,0.6545,77.78,0,0.4291,0.7778,1000,1000,0,6,27,1165.8007
PSO-FLB,high,2,0.44169,0.9,0.047,0.4,62.623,0.3923,70.37,0,0.4712,0.7037,1000,1000,0,8,27,1110.9191
PSO-FLB,high,3,0.39835,0.903,0.03845,0.0,65.136,0.2757,96.3,0,0.1866,0.963,1000,1000,0,1,27,1107.3914
PSO-FLB,high,4,0.43347,0.959,0.01781,0.9,68.87,0.2913,66.67,0,0.3339,0.6667,1000,1000,0,9,27,1042.7492
PSO-FLB,high,5,0.41769,0.881,0.0334,1.1,62.029,0.3371,74.07,0,0.4712,0.7407,1000,1000,0,7,27,1135.6242
PSO-FLB,high,6,0.46317,0.9,0.04717,0.7,63.761,0.2848,88.89,0,0.2755,0.8889,1000,1000,0,3,27,1110.8362
PSO-FLB,high,7,0.44396,0.911,0.04679,0.8,60.831,0.2805,77.78,0,0.3823,0.7778,1000,1000,0,6,27,1097.7198
PSO-FLB,high,8,0.52631,0.861,0.03465,2.7,65.477,0.2842,77.78,0,0.4384,0.7778,1000,1000,0,6,27,1161.3831
PSO-FLB,high,9,0.37578,0.881,0.05838,0.2,61.637,0.2647,85.19,0,0.1841,0.8519,1000,1000,0,4,27,1134.8044
PSO-FLB,high,10,0.4223,0.938,0.03845,2.3,68.26,0.31,70.37,0,0.2727,0.7037,1000,1000,0,8,27,1066.6359
PSO-FLB,high,11,0.42836,0.885,0.08012,1.8,64.916,0.279,77.78,0,0.5151,0.7778,1000,1000,0,6,27,1129.8074
PSO-FLB,high,12,0.35283,0.886,0.03571,0.0,64.751,0.2906,77.78,0,0.2824,0.7778,1000,1000,0,6,27,1128.7891
PSO-FLB,high,13,0.42938,0.86,0.03934,0.5,65.01,0.4004,77.78,0,0.1751,0.7778,1000,1000,0,6,27,1162.9989
PSO-FLB,high,14,0.41422,0.903,0.03463,0.5,67.202,0.4064,74.07,0,0.2742,0.7407,1000,1000,0,7,27,1107.1666
PSO-FLB,high,15,0.42621,0.927,0.05689,0.8,63.281,0.3328,66.67,0,0.284,0.6667,1000,1000,0,9,27,1078.7153
PSO-FLB,high,16,0.45064,0.891,0.04692,0.7,63.485,0.2858,77.78,0,0.2735,0.7778,1000,1000,0,6,27,1122.4402
PSO-FLB,high,17,0.47155,0.902,0.01537,0.9,66.348,0.2865,70.37,0,0.439,0.7037,1000,1000,0,8,27,1108.4045
PSO-FLB,high,18,0.4977,0.913,0.03636,2.1,65.96,0.5782,74.07,0,0.2699,0.7407,1000,1000,0,7,27,1094.8451
PSO-FLB,high,19,0.37851,0.874,0.03622,0.0,64.772,0.4575,77.78,0,0.289,0.7778,1000,1000,0,6,27,1143.8308
PSO-FLB,high,20,0.39055,0.897,0.05315,0.0,66.337,0.3514,81.48,0,0.2795,0.8148,1000,1000,0,5,27,1114.6744
PSO-FLB,high,21,0.43398,0.894,0.06002,1.2,66.56,0.411,66.67,0,0.4792,0.6667,1000,1000,0,9,27,1119.175
PSO-FLB,high,22,0.49017,0.849,0.05958,0.8,65.364,0.2903,70.37,0,0.2671,0.7037,1000,1000,0,8,27,1177.9006
PSO-FLB,high,23,0.48587,0.885,0.04944,1.6,65.094,0.31,70.37,0,0.2722,0.7037,1000,1000,0,8,27,1130.4442
PSO-FLB,high,24,0.41851,0.877,0.06294,0.3,65.093,0.2725,77.78,0,0.1792,0.7778,1000,1000,0,6,27,1140.0936
PSO-FLB,high,25,0.45799,0.952,0.0553,0.6,59.319,0.3021,70.37,0,0.2758,0.7037,1000,1000,0,8,27,1050.526
PSO-FLB,high,26,0.40374,0.929,0.05209,0.1,63.927,0.275,81.48,0,0.2686,0.8148,1000,1000,0,5,27,1076.5637
PSO-FLB,high,27,0.46202,0.946,0.01755,1.3,63.351,0.3226,70.37,0,0.4612,0.7037,1000,1000,0,8,27,1057.5215
PSO-FLB,high,28,0.40402,0.839,0.04202,0.1,66.283,0.299,74.07,0,0.5153,0.7407,1000,1000,0,7,27,1191.5347
PSO-FLB,high,29,0.44277,0.891,0.05202,0.3,64.235,0.2835,77.78,0,0.2808,0.7778,1000,1000,0,6,27,1122.7032
PSO-FLB,bursty,0,0.42348,1.045,0.05618,0.8,58.632,0.2927,74.07,0,0.5268,0.7407,1000,1000,0,7,27,956.7989
PSO-FLB,bursty,1,0.40897,1.148,0.02973,1.3,61.773,0.3338,66.67,0,0.2865,0.6667,1000,1000,0,9,27,871.2797
PSO-FLB,bursty,2,0.39894,1.164,0.0104,0.2,61.241,0.363,77.78,0,0.4744,0.7778,1000,1000,0,6,27,858.7803
PSO-FLB,bursty,3,0.38958,1.093,0.04965,0.1,60.019,0.2884,70.37,0,0.286,0.7037,1000,1000,0,8,27,915.1506
PSO-FLB,bursty,4,0.42064,1.165,0.05729,0.1,64.645,0.2807,92.59,0,0.18,0.9259,1000,1000,0,2,27,858.5286
PSO-FLB,bursty,5,0.34637,1.183,0.05889,0.0,61.153,0.2967,81.48,0,0.537,0.8148,1000,1000,0,5,27,845.6526
PSO-FLB,bursty,6,0.48098,1.175,0.0383,2.4,64.342,0.3185,70.37,0,0.5272,0.7037,1000,1000,0,8,27,851.3804
PSO-FLB,bursty,7,0.47925,1.204,0.04144,3.2,60.299,0.3085,70.37,0,0.4536,0.7037,1000,1000,0,8,27,830.3763
PSO-FLB,bursty,8,0.45588,1.078,0.01287,3.5,70.828,0.2956,70.37,0,0.3158,0.7037,1000,1000,0,8,27,927.6415
PSO-FLB,bursty,9,0.41364,1.084,0.04735,0.0,65.982,0.2856,81.48,0,0.2742,0.8148,1000,1000,0,5,27,922.483
PSO-FLB,bursty,10,0.44859,1.087,0.05213,2.7,61.971,0.2672,77.78,0,0.2755,0.7778,1000,1000,0,6,27,920.2064
PSO-FLB,bursty,11,0.39606,1.062,0.04319,0.4,65.4,0.2855,77.78,0,0.5162,0.7778,1000,1000,0,6,27,941.4903
PSO-FLB,bursty,12,0.4185,1.108,0.05932,1.4,61.797,0.2652,74.07,0,0.1722,0.7407,1000,1000,0,7,27,902.5708
PSO-FLB,bursty,13,0.42705,1.175,0.06443,0.5,63.818,0.4043,81.48,0,0.281,0.8148,1000,1000,0,5,27,851.26
PSO-FLB,bursty,14,0.42258,1.144,0.01068,0.4,67.472,0.2695,81.48,0,0.3537,0.8148,1000,1000,0,5,27,874.1242
PSO-FLB,bursty,15,0.5029,1.07,0.0329,2.5,65.274,0.2847,74.07,0,0.2574,0.7407,1000,1000,0,7,27,934.4499
PSO-FLB,bursty,16,0.46145,1.065,0.06083,1.5,62.449,0.3137,77.78,0,0.1795,0.7778,1000,1000,0,6,27,938.8702
PSO-FLB,bursty,17,0.48574,1.113,0.06424,1.6,65.618,0.2694,81.48,0,0.1718,0.8148,1000,1000,0,5,27,898.6052
PSO-FLB,bursty,18,0.41526,1.117,0.02365,0.6,66.402,0.3046,66.67,0,0.3569,0.6667,1000,1000,0,9,27,895.4909
PSO-FLB,bursty,19,0.42639,1.238,0.04739,0.0,61.306,0.542,74.07,0,0.2898,0.7407,1000,1000,0,7,27,807.6686
PSO-FLB,bursty,20,0.65777,1.223,0.04419,5.2,66.5,0.3839,81.48,0,0.5225,0.8148,1000,1000,0,5,27,817.4202
PSO-FLB,bursty,21,0.382,1.197,0.04529,0.0,63.617,0.4209,74.07,0,0.5218,0.7407,1000,1000,0,7,27,835.7329
PSO-FLB,bursty,22,0.39472,1.067,0.04635,0.9,64.135,0.5681,70.37,0,0.2777,0.7037,1000,1000,0,8,27,937.491
PSO-FLB,bursty,23,0.34518,1.091,0.02105,0.0,65.731,0.4755,77.78,0,0.2903,0.7778,1000,1000,0,6,27,916.3045
PSO-FLB,bursty,24,0.44779,1.117,0.04185,0.5,66.049,0.2507,92.59,0,0.1697,0.9259,1000,1000,0,2,27,895.4498
PSO-FLB,bursty,25,0.41453,1.078,0.04603,0.6,60.812,0.3082,66.67,0,0.2821,0.6667,1000,1000,0,9,27,927.2947
PSO-FLB,bursty,26,0.44351,1.117,0.03743,0.8,60.245,0.2905,81.48,0,0.5145,0.8148,1000,1000,0,5,27,895.4521
PSO-FLB,bursty,27,0.43038,1.238,0.0572,2.1,63.603,0.2873,66.67,0,0.2848,0.6667,1000,1000,0,9,27,808.0743
PSO-FLB,bursty,28,0.40372,1.061,0.04205,0.5,62.595,0.3092,66.67,0,0.5202,0.6667,1000,1000,0,9,27,942.5199
PSO-FLB,bursty,29,0.45563,1.069,0.04077,2.0,61.161,0.2921,70.37,0,0.5137,0.7037,1000,1000,0,8,27,935.2807
PSO-FLB,skewed,0,0.4139,0.588,0.05229,0.1,65.685,0.2861,74.07,0,0.2789,0.7407,1000,1000,0,7,27,1699.5731
PSO-FLB,skewed,1,0.43753,0.571,0.0427,0.2,63.679,0.3163,85.19,0,0.2778,0.8519,1000,1000,0,4,27,1751.5421
PSO-FLB,skewed,2,0.35836,0.577,0.04802,0.0,61.711,0.321,85.19,0,0.2903,0.8519,1000,1000,0,4,27,1733.1553
PSO-FLB,skewed,3,0.40369,0.567,0.07398,0.4,61.519,0.2837,85.19,0,0.378,0.8519,1000,1000,0,4,27,1763.3249
PSO-FLB,skewed,4,0.43071,0.618,0.06542,0.4,67.724,0.3215,74.07,0,0.269,0.7407,1000,1000,0,7,27,1617.6187
PSO-FLB,skewed,5,0.365,0.634,0.04538,0.0,62.588,0.289,77.78,0,0.5425,0.7778,1000,1000,0,6,27,1576.1225
PSO-FLB,skewed,6,0.47393,0.582,0.05158,1.7,60.696,0.2756,74.07,0,0.2759,0.7407,1000,1000,0,7,27,1718.6085
PSO-FLB,skewed,7,0.38873,0.606,0.03296,0.0,63.97,0.2897,77.78,0,0.2813,0.7778,1000,1000,0,6,27,1649.8936
PSO-FLB,skewed,8,0.41884,0.652,0.00601,0.3,68.469,0.2819,70.37,0,0.3442,0.7037,1000,1000,0,8,27,1534.2956
PSO-FLB,skewed,9,0.46638,0.586,0.05005,2.0,62.598,0.3029,74.07,0,0.2787,0.7407,1000,1000,0,7,27,1705.1139
PSO-FLB,skewed,10,0.4215,0.602,0.02513,0.1,62.197,0.2666,81.48,0,0.5185,0.8148,1000,1000,0,5,27,1660.0734
PSO-FLB,skewed,11,0.51657,0.591,0.02512,2.4,64.061,0.2907,74.07,0,0.3782,0.7407,1000,1000,0,7,27,1692.6764
PSO-FLB,skewed,12,0.43617,0.603,0.07472,0.9,61.145,0.3008,70.37,0,0.5607,0.7037,1000,1000,0,8,27,1658.3109
PSO-FLB,skewed,13,0.39723,0.597,0.03233,0.0,66.894,0.2544,81.48,0,0.1743,0.8148,1000,1000,0,5,27,1674.6719
PSO-FLB,skewed,14,0.41982,0.618,0.03082,1.1,61.632,0.3328,62.96,0,0.2846,0.6296,1000,1000,0,10,27,1617.8568
PSO-FLB,skewed,15,0.50288,0.591,0.03895,1.9,63.825,0.4167,66.67,0,0.1705,0.6667,1000,1000,0,9,27,1690.8148
PSO-FLB,skewed,16,0.44976,0.622,0.01006,1.5,69.201,0.5855,66.67,0,0.4108,0.6667,1000,1000,0,9,27,1607.3999
PSO-FLB,skewed,17,0.41194,0.594,0.01802,0.7,64.884,0.384,74.07,0,0.4476,0.7407,1000,1000,0,7,27,1684.1524
PSO-FLB,skewed,18,0.36023,0.595,0.0602,0.0,60.664,0.4908,85.19,0,0.3902,0.8519,1000,1000,0,4,27,1681.8262
PSO-FLB,skewed,19,0.44364,0.604,0.06464,0.5,62.278,0.3462,77.78,0,0.2733,0.7778,1000,1000,0,6,27,1655.3385
PSO-FLB,skewed,20,0.51267,0.611,0.03648,4.0,64.719,0.3008,70.37,0,0.3689,0.7037,1000,1000,0,8,27,1637.2481
PSO-FLB,skewed,21,0.44884,0.603,0.05192,0.2,61.452,0.259,85.19,0,0.1714,0.8519,1000,1000,0,4,27,1657.3165
PSO-FLB,skewed,22,0.44094,0.619,0.02648,0.1,68.084,0.2751,77.78,0,0.2753,0.7778,1000,1000,0,6,27,1616.0798
PSO-FLB,skewed,23,0.46352,0.609,0.02323,2.4,62.765,0.3176,74.07,0,0.4751,0.7407,1000,1000,0,7,27,1642.3347
PSO-FLB,skewed,24,0.41688,0.607,0.04093,1.0,62.556,0.273,74.07,0,0.5291,0.7407,1000,1000,0,7,27,1648.5623
PSO-FLB,skewed,25,0.37796,0.627,0.0132,0.2,68.681,0.3104,77.78,0,0.3369,0.7778,1000,1000,0,6,27,1594.9451
PSO-FLB,skewed,26,0.46594,0.58,0.044,1.2,62.152,0.2828,77.78,0,0.37,0.7778,1000,1000,0,6,27,1723.8846
PSO-FLB,skewed,27,0.42094,0.56,0.05903,0.3,63.28,0.3391,66.67,0,0.2802,0.6667,1000,1000,0,9,27,1785.5529
PSO-FLB,skewed,28,0.44631,0.596,0.02559,1.8,63.471,0.3076,74.07,0,0.4457,0.7407,1000,1000,0,7,27,1677.2345
PSO-FLB,skewed,29,0.44287,0.61,0.06222,0.3,60.852,0.2751,81.48,0,0.3541,0.8148,1000,1000,0,5,27,1639.6324
QF-Grover,low,0,0.49893,0.285,0.01904,10.3,67.234,0.3186,51.85,200,0.3435,0.5185,1000,1000,0,13,27,3513.4493
QF-Grover,low,1,0.37093,0.3,0.04449,0.0,64.622,0.2932,85.19,2600,0.2926,0.8519,1000,1000,0,4,27,3335.4833
QF-Grover,low,2,0.3656,0.292,0.01205,0.0,66.01,0.2895,66.67,200,0.2863,0.6667,1000,1000,0,9,27,3424.2751
QF-Grover,low,3,0.37438,0.313,0.01841,0.3,67.501,0.2651,85.19,2600,0.2804,0.8519,1000,1000,0,4,27,3193.7366
QF-Grover,low,4,0.39464,0.29,0.05293,0.0,61.795,0.3327,62.96,200,0.4147,0.6296,1000,1000,0,10,27,3449.326
QF-Grover,low,5,0.35452,0.288,0.05915,0.1,62.225,0.2618,85.19,2600,0.3836,0.8519,1000,1000,0,4,27,3469.6059
QF-Grover,low,6,0.40636,0.303,0.03146,0.7,66.771,0.3077,62.96,200,0.3571,0.6296,1000,1000,0,10,27,3303.812
QF-Grover,low,7,0.39695,0.31,0.04167,1.2,63.677,0.2862,66.67,200,0.2825,0.6667,1000,1000,0,9,27,3221.2385
QF-Grover,low,8,0.39887,0.299,0.01267,2.3,67.607,0.3106,55.56,200,0.4321,0.5556,1000,1000,0,12,27,3345.1659
QF-Grover,low,9,0.41899,0.319,0.04839,4.9,59.92,0.3108,51.85,200,0.4842,0.5185,1000,1000,0,13,27,3129.9944
QF-Grover,low,10,0.41568,0.303,0.01912,2.9,67.375,0.29,66.67,200,0.4287,0.6667,1000,1000,0,9,27,3303.4505
QF-Grover,low,11,0.42195,0.311,0.05377,0.8,66.621,0.2975,59.26,200,0.281,0.5926,1000,1000,0,11,27,3211.0816
QF-Grover,low,12,0.37343,0.295,0.03135,0.0,60.678,0.2631,85.19,2600,0.2982,0.8519,1000,1000,0,4,27,3385.2954
QF-Grover,low,13,0.39837,0.303,0.04833,0.9,66.016,0.3008,59.26,200,0.5188,0.5926,1000,1000,0,11,27,3300.4607
QF-Grover,low,14,0.3695,0.3,0.04534,0.0,60.504,0.3601,66.67,200,0.2996,0.6667,1000,1000,0,9,27,3327.8862
QF-Grover,low,15,0.3546,0.307,0.02516,0.0,62.584,0.3039,66.67,200,0.4731,0.6667,1000,1000,0,9,27,3260.0413
QF-Grover,low,16,0.4011,0.291,0.04967,1.6,64.128,0.3291,55.56,200,0.2802,0.5556,1000,1000,0,12,27,3432.6553
QF-Grover,low,17,0.38984,0.309,0.03471,0.2,60.245,0.2732,85.19,2600,0.1908,0.8519,1000,1000,0,4,27,3238.1104
QF-Grover,low,18,0.36202,0.304,0.06349,1.0,61.752,0.3169,62.96,200,0.2885,0.6296,1000,1000,0,10,27,3287.2149
QF-Grover,low,19,0.41892,0.3,0.02043,1.6,64.0,0.3089,59.26,200,0.4649,0.5926,1000,1000,0,11,27,3327.796
QF-Grover,low,20,0.3855,0.296,0.06894,0.5,64.524,0.2562,85.19,2600,0.287,0.8519,1000,1000,0,4,27,3377.5263
QF-Grover,low,21,0.39193,0.312,0.01201,2.0,69.078,0.3258,55.56,200,0.3391,0.5556,1000,1000,0,12,27,3203.598
QF-Grover,low,22,0.38921,0.305,0.05649,2.0,63.828,0.3048,59.26,200,0.396,0.5926,1000,1000,0,11,27,3280.4429
QF-Grover,low,23,0.45651,0.292,0.06084,3.1,61.434,0.2361,96.3,2600,0.1811,0.963,1000,1000,0,1,27,3428.702
QF-Grover,low,24,0.35412,0.316,0.03607,0.1,67.865,0.3091,59.26,200,0.5232,0.5926,1000,1000,0,11,27,3163.9156
QF-Grover,low,25,0.4054,0.291,0.04257,1.9,68.05,0.3074,51.85,200,0.338,0.5185,1000,1000,0,13,27,3440.1097
QF-Grover,low,26,0.4817,0.295,0.01815,10.1,65.263,0.3007,66.67,200,0.3704,0.6667,1000,1000,0,9,27,3388.939
QF-Grover,low,27,0.38535,0.302,0.06028,0.1,63.097,0.3922,62.96,200,0.3602,0.6296,1000,1000,0,10,27,3315.4604
QF-Grover,low,28,0.38789,0.298,0.08055,0.5,62.296,0.3687,70.37,200,0.531,0.7037,1000,1000,0,8,27,3356.1432
QF-Grover,low,29,0.34927,0.294,0.05361,0.0,61.244,0.4346,66.67,200,0.3097,0.6667,1000,1000,0,9,27,3395.6688
QF-Grover,high,0,0.45875,0.914,0.02721,1.8,69.011,0.3844,59.26,200,0.3345,0.5926,1000,1000,0,11,27,1093.851
QF-Grover,high,1,0.55353,0.858,0.0189,1.9,66.468,0.5308,59.26,200,0.3467,0.5926,1000,1000,0,11,27,1165.8007
QF-Grover,high,2,0.45811,0.9,0.02987,1.0,65.755,0.4341,66.67,200,0.4336,0.6667,1000,1000,0,9,27,1110.9191
QF-Grover,high,3,0.39835,0.903,0.03845,0.0,65.136,0.2478,96.3,2600,0.1866,0.963,1000,1000,0,1,27,1107.3914
QF-Grover,high,4,0.41201,0.959,0.04312,0.5,67.16,0.2955,77.78,2600,0.274,0.7778,1000,1000,0,6,27,1042.7492
QF-Grover,high,5,0.41825,0.881,0.06244,1.0,60.817,0.387,62.96,200,0.2884,0.6296,1000,1000,0,10,27,1135.6242
QF-Grover,high,6,0.46317,0.9,0.04717,0.7,63.761,0.3384,62.96,200,0.2755,0.6296,1000,1000,0,10,27,1110.8362
QF-Grover,high,7,0.44646,0.911,0.0481,0.7,61.426,0.3096,59.26,200,0.4686,0.5926,1000,1000,0,11,27,1097.7198
QF-Grover,high,8,0.55242,0.861,0.02232,3.3,66.559,0.3112,59.26,200,0.4336,0.5926,1000,1000,0,11,27,1161.3831
QF-Grover,high,9,0.37645,0.881,0.05846,0.2,61.886,0.2999,62.96,200,0.5275,0.6296,1000,1000,0,10,27,1134.8044
QF-Grover,high,10,0.42867,0.938,0.03998,2.4,68.401,0.2961,59.26,200,0.5138,0.5926,1000,1000,0,11,27,1066.6359
QF-Grover,high,11,0.44168,0.885,0.08257,1.7,65.436,0.3042,62.96,200,0.3923,0.6296,1000,1000,0,10,27,1129.8074
QF-Grover,high,12,0.38498,0.886,0.01142,0.0,66.624,0.3338,62.96,200,0.3573,0.6296,1000,1000,0,10,27,1128.7891
QF-Grover,high,13,0.42323,0.86,0.03073,0.8,65.497,0.416,59.26,200,0.3576,0.5926,1000,1000,0,11,27,1162.9989
QF-Grover,high,14,0.42443,0.903,0.01217,0.6,66.705,0.3949,59.26,200,0.353,0.5926,1000,1000,0,11,27,1107.1666
QF-Grover,high,15,0.44021,0.927,0.02839,1.5,66.157,0.3039,62.96,200,0.4426,0.6296,1000,1000,0,10,27,1078.7153
QF-Grover,high,16,0.4672,0.891,0.03523,0.6,65.506,0.3301,59.26,200,0.3549,0.5926,1000,1000,0,11,27,1122.4402
QF-Grover,high,17,0.47099,0.902,0.01545,0.9,66.372,0.3376,48.15,200,0.4388,0.4815,1000,1000,0,14,27,1108.4045
QF-Grover,high,18,0.51869,0.913,0.02124,3.8,68.172,0.4564,62.96,200,0.4149,0.6296,1000,1000,0,10,27,1094.8451
QF-Grover,high,19,0.38047,0.874,0.03223,0.0,64.77,0.3871,85.19,2600,0.1852,0.8519,1000,1000,0,4,27,1143.8308
QF-Grover,high,20,0.39055,0.897,0.05315,0.0,66.337,0.4449,70.37,200,0.2795,0.7037,1000,1000,0,8,27,1114.6744
QF-Grover,high,21,0.42997,0.894,0.08271,1.1,64.515,0.3316,77.78,2600,0.5257,0.7778,1000,1000,0,6,27,1119.175
QF-Grover,high,22,0.4825,0.849,0.06536,0.7,65.422,0.2955,66.67,200,0.2685,0.6667,1000,1000,0,9,27,1177.9006
QF-Grover,high,23,0.5165,0.885,0.02743,3.8,68.888,0.3274,59.26,200,0.3289,0.5926,1000,1000,0,11,27,1130.4442
QF-Grover,high,24,0.40806,0.877,0.06289,0.1,64.671,0.2631,85.19,2600,0.2847,0.8519,1000,1000,0,4,27,1140.0936
QF-Grover,high,25,0.49095,0.952,0.02301,1.8,66.004,0.3268,51.85,200,0.3415,0.5185,1000,1000,0,13,27,1050.526
QF-Grover,high,26,0.38458,0.929,0.01982,0.3,62.18,0.2994,62.96,200,0.3917,0.6296,1000,1000,0,10,27,1076.5637
QF-Grover,high,27,0.45729,0.946,0.05428,0.5,61.716,0.3199,55.56,200,0.2793,0.5556,1000,1000,0,12,27,1057.5215
QF-Grover,high,28,0.40231,0.839,0.03995,0.1,66.42,0.2992,62.96,200,0.5151,0.6296,1000,1000,0,10,27,1191.5347
QF-Grover,high,29,0.45341,0.891,0.02037,1.0,66.53,0.3329,55.56,200,0.4252,0.5556,1000,1000,0,12,27,1122.7032
QF-Grover,bursty,0,0.43837,1.045,0.02653,1.6,61.441,0.334,59.26,200,0.4682,0.5926,1000,1000,0,11,27,956.7989
QF-Grover,bursty,1,0.40896,1.148,0.02968,1.3,61.775,0.2847,77.78,2600,0.1833,0.7778,1000,1000,0,6,27,871.2797
QF-Grover,bursty,2,0.36953,1.164,0.03453,0.0,59.912,0.3237,59.26,200,0.4022,0.5926,1000,1000,0,11,27,858.7803
QF-Grover,bursty,3,0.40069,1.093,0.02249,0.1,63.131,0.3218,62.96,200,0.382,0.6296,1000,1000,0,10,27,915.1506
QF-Grover,bursty,4,0.43986,1.165,0.00949,0.1,68.155,0.3024,66.67,200,0.338,0.6667,1000,1000,0,9,27,858.5286
QF-Grover,bursty,5,0.33887,1.183,0.03362,0.0,61.743,0.3193,59.26,200,0.4714,0.5926,1000,1000,0,11,27,845.6526
QF-Grover,bursty,6,0.51106,1.175,0.01523,3.0,65.57,0.2996,59.26,200,0.3706,0.5926,1000,1000,0,11,27,851.3804
QF-Grover,bursty,7,0.47903,1.204,0.04719,2.5,60.821,0.306,59.26,200,0.373,0.5926,1000,1000,0,11,27,830.3763
QF-Grover,bursty,8,0.44096,1.078,0.05972,2.5,66.605,0.3232,55.56,200,0.5144,0.5556,1000,1000,0,12,27,927.6415
QF-Grover,bursty,9,0.41705,1.084,0.01458,0.2,70.449,0.3005,59.26,200,0.3292,0.5926,1000,1000,0,11,27,922.483
QF-Grover,bursty,10,0.44859,1.087,0.05512,2.7,61.969,0.2786,70.37,200,0.394,0.7037,1000,1000,0,8,27,920.2064
QF-Grover,bursty,11,0.40192,1.062,0.01284,0.5,66.418,0.2826,66.67,200,0.4274,0.6667,1000,1000,0,9,27,941.4903
QF-Grover,bursty,12,0.45326,1.108,0.04292,2.4,65.854,0.2859,62.96,200,0.3626,0.6296,1000,1000,0,10,27,902.5708
QF-Grover,bursty,13,0.42713,1.175,0.06365,0.5,63.668,0.3181,59.26,200,0.4018,0.5926,1000,1000,0,11,27,851.26
QF-Grover,bursty,14,0.41698,1.144,0.04875,0.4,63.132,0.2522,85.19,2600,0.1824,0.8519,1000,1000,0,4,27,874.1242
QF-Grover,bursty,15,0.50282,1.07,0.02737,3.5,67.791,0.3329,59.26,200,0.333,0.5926,1000,1000,0,11,27,934.4499
QF-Grover,bursty,16,0.46145,1.065,0.06083,1.5,62.449,0.2848,85.19,2600,0.1795,0.8519,1000,1000,0,4,27,938.8702
QF-Grover,bursty,17,0.49072,1.113,0.03056,2.5,67.397,0.3477,51.85,200,0.423,0.5185,1000,1000,0,13,27,898.6052
QF-Grover,bursty,18,0.404,1.117,0.02042,1.3,66.603,0.3268,62.96,200,0.4285,0.6296,1000,1000,0,10,27,895.4909
QF-Grover,bursty,19,0.42648,1.238,0.03499,0.1,62.164,0.4736,62.96,200,0.4088,0.6296,1000,1000,0,10,27,807.6686
QF-Grover,bursty,20,0.66851,1.223,0.02267,5.1,67.93,0.5828,70.37,200,0.2792,0.7037,1000,1000,0,8,27,817.4202
QF-Grover,bursty,21,0.3801,1.197,0.04293,0.0,63.746,0.346,85.19,2600,0.2812,0.8519,1000,1000,0,4,27,835.7329
QF-Grover,bursty,22,0.3993,1.067,0.02974,2.2,68.607,0.607,55.56,200,0.3337,0.5556,1000,1000,0,12,27,937.491
QF-Grover,bursty,23,0.34342,1.091,0.01198,0.0,67.377,0.7856,62.96,200,0.4321,0.6296,1000,1000,0,10,27,916.3045
QF-Grover,bursty,24,0.44779,1.117,0.04185,0.5,66.049,0.2354,96.3,2600,0.1697,0.963,1000,1000,0,1,27,895.4498
QF-Grover,bursty,25,0.4222,1.078,0.01962,1.7,67.93,0.3164,66.67,200,0.4133,0.6667,1000,1000,0,9,27,927.2947
QF-Grover,bursty,26,0.44852,1.117,0.04895,1.3,60.286,0.3141,62.96,200,0.3705,0.6296,1000,1000,0,10,27,895.4521
QF-Grover,bursty,27,0.42681,1.238,0.06086,1.6,62.955,0.296,59.26,200,0.5279,0.5926,1000,1000,0,11,27,808.0743
QF-Grover,bursty,28,0.40286,1.061,0.00983,0.5,60.98,0.2964,62.96,200,0.2831,0.6296,1000,1000,0,10,27,942.5199
QF-Grover,bursty,29,0.47154,1.069,0.03905,2.8,60.314,0.3003,66.67,200,0.394,0.6667,1000,1000,0,9,27,935.2807
QF-Grover,skewed,0,0.42316,0.588,0.01048,0.3,70.246,0.2973,66.67,200,0.4031,0.6667,1000,1000,0,9,27,1699.5731
QF-Grover,skewed,1,0.45184,0.571,0.01539,0.9,66.252,0.3576,55.56,200,0.3524,0.5556,1000,1000,0,12,27,1751.5421
QF-Grover,skewed,2,0.36315,0.577,0.03771,0.1,63.259,0.338,55.56,200,0.392,0.5556,1000,1000,0,12,27,1733.1553
QF-Grover,skewed,3,0.41231,0.567,0.0276,0.4,63.234,0.3392,62.96,200,0.4517,0.6296,1000,1000,0,10,27,1763.3249
QF-Grover,skewed,4,0.4546,0.618,0.01906,0.6,69.258,0.3196,55.56,200,0.3337,0.5556,1000,1000,0,12,27,1617.6187
QF-Grover,skewed,5,0.3707,0.634,0.02526,0.2,66.652,0.3298,62.96,200,0.3729,0.6296,1000,1000,0,10,27,1576.1225
QF-Grover,skewed,6,0.51573,0.582,0.01493,2.5,64.782,0.2953,59.26,200,0.364,0.5926,1000,1000,0,11,27,1718.6085
QF-Grover,skewed,7,0.39463,0.606,0.02769,0.1,65.613,0.2979,62.96,200,0.4417,0.6296,1000,1000,0,10,27,1649.8936
QF-Grover,skewed,8,0.4251,0.652,0.01433,0.4,69.895,0.3043,66.67,200,0.3297,0.6667,1000,1000,0,9,27,1534.2956
QF-Grover,skewed,9,0.41196,0.586,0.06663,2.2,61.633,0.3076,55.56,200,0.5233,0.5556,1000,1000,0,12,27,1705.1139
QF-Grover,skewed,10,0.42555,0.602,0.0395,0.1,65.255,0.3049,62.96,200,0.2768,0.6296,1000,1000,0,10,27,1660.0734
QF-Grover,skewed,11,0.47126,0.591,0.04615,1.3,63.398,0.2983,66.67,200,0.2791,0.6667,1000,1000,0,9,27,1692.6764
QF-Grover,skewed,12,0.46249,0.603,0.02337,2.3,65.731,0.2952,59.26,200,0.4312,0.5926,1000,1000,0,11,27,1658.3109
QF-Grover,skewed,13,0.40361,0.597,0.0218,0.1,68.304,0.3199,55.56,200,0.4216,0.5556,1000,1000,0,12,27,1674.6719
QF-Grover,skewed,14,0.43324,0.618,0.07045,1.8,56.853,0.3389,48.15,200,0.5191,0.4815,1000,1000,0,14,27,1617.8568
QF-Grover,skewed,15,0.52754,0.591,0.02373,2.9,66.458,0.4676,62.96,200,0.3538,0.6296,1000,1000,0,10,27,1690.8148
QF-Grover,skewed,16,0.44707,0.622,0.00866,1.2,69.204,0.6989,55.56,200,0.3234,0.5556,1000,1000,0,12,27,1607.3999
QF-Grover,skewed,17,0.41194,0.594,0.01802,0.7,64.884,0.3805,59.26,200,0.4476,0.5926,1000,1000,0,11,27,1684.1524
QF-Grover,skewed,18,0.38734,0.595,0.05296,0.1,64.546,0.6903,62.96,200,0.2767,0.6296,1000,1000,0,10,27,1681.8262
QF-Grover,skewed,19,0.44364,0.604,0.06464,0.5,62.278,0.4475,51.85,200,0.2733,0.5185,1000,1000,0,13,27,1655.3385
QF-Grover,skewed,20,0.52433,0.611,0.02297,3.3,63.027,0.3268,59.26,200,0.4599,0.5926,1000,1000,0,11,27,1637.2481
QF-Grover,skewed,21,0.46109,0.603,0.03196,1.1,63.445,0.3032,62.96,200,0.3834,0.6296,1000,1000,0,10,27,1657.3165
QF-Grover,skewed,22,0.43969,0.619,0.0179,0.5,69.212,0.2934,70.37,200,0.4116,0.7037,1000,1000,0,8,27,1616.0798
QF-Grover,skewed,23,0.46914,0.609,0.03162,3.0,60.73,0.2962,66.67,200,0.4212,0.6667,1000,1000,0,9,27,1642.3347
QF-Grover,skewed,24,0.41514,0.607,0.02531,0.8,68.042,0.3162,59.26,200,0.3399,0.5926,1000,1000,0,11,27,1648.5623
QF-Grover,skewed,25,0.39039,0.627,0.02075,0.1,67.599,0.3165,59.26,200,0.3461,0.5926,1000,1000,0,11,27,1594.9451
QF-Grover,skewed,26,0.46594,0.58,0.044,1.2,62.152,0.2733,85.19,2600,0.37,0.8519,1000,1000,0,4,27,1723.8846
QF-Grover,skewed,27,0.42094,0.56,0.05903,0.3,63.28,0.3082,55.56,200,0.2802,0.5556,1000,1000,0,12,27,1785.5529
QF-Grover,skewed,28,0.43679,0.596,0.06977,1.6,60.444,0.2819,74.07,200,0.5201,0.7407,1000,1000,0,7,27,1677.2345
QF-Grover,skewed,29,0.45913,0.61,0.05704,1.0,63.865,0.3337,55.56,200,0.4577,0.5556,1000,1000,0,12,27,1639.6324
